Instance,Cell_Type,Output_Pin,Fanout,Worst_Slack
FE_PHC385_reset,BUFx2_bottom,FE_PHC385_reset/Y,1,819.177734
FE_PHC384_reset,BUFx2_bottom,FE_PHC384_reset/Y,1,821.114197
FE_PHC383_reset,BUFx4_bottom,FE_PHC383_reset/Y,1,821.114136
FE_PHC382_n563,BUFx2_bottom,FE_PHC382_n563/Y,1,426.698303
FE_PHC381_reset,BUFx4_bottom,FE_PHC381_reset/Y,1,819.177795
FE_PHC380_n2347,BUFx2_bottom,FE_PHC380_n2347/Y,1,559.563110
FE_PHC379_key_i_63,BUFx2_bottom,FE_PHC379_key_i_63/Y,1,937.294373
FE_PHC378_key_i_76,BUFx2_upper,FE_PHC378_key_i_76/Y,1,920.437073
FE_PHC377_n772,BUFx2_bottom,FE_PHC377_n772/Y,1,423.462372
FE_PHC376_n760,BUFx2_upper,FE_PHC376_n760/Y,1,385.110321
FE_PHC375_n568,BUFx2_upper,FE_PHC375_n568/Y,1,397.465271
FE_PHC373_key_i_28,BUFx2_bottom,FE_PHC373_key_i_28/Y,1,942.192871
FE_PHC372_n532,BUFx2_bottom,FE_PHC372_n532/Y,1,406.372223
FE_PHC371_key_i_27,BUFx2_upper,FE_PHC371_key_i_27/Y,1,926.333801
FE_PHC370_key_i_84,BUFx2_bottom,FE_PHC370_key_i_84/Y,1,931.938965
FE_PHC369_key_i_56,BUFx2_bottom,FE_PHC369_key_i_56/Y,1,942.019897
FE_PHC368_key_i_57,BUFx2_bottom,FE_PHC368_key_i_57/Y,1,941.251953
FE_PHC367_key_i_32,BUFx2_upper,FE_PHC367_key_i_32/Y,1,937.945496
FE_PHC365_key_i_27,BUFx2_upper,FE_PHC365_key_i_27/Y,1,471.643677
FE_PHC364_key_i_43,BUFx2_bottom,FE_PHC364_key_i_43/Y,1,937.067322
FE_PHC363_key_i_23,BUFx2_bottom,FE_PHC363_key_i_23/Y,2,472.338501
FE_PHC362_key_i_28,BUFx2_bottom,FE_PHC362_key_i_28/Y,1,530.983643
FE_PHC361_key_i_67,BUFx2_bottom,FE_PHC361_key_i_67/Y,2,851.924561
FE_PHC360_key_i_46,BUFx2_bottom,FE_PHC360_key_i_46/Y,1,887.275574
FE_PHC359_key_i_84,BUFx2_upper,FE_PHC359_key_i_84/Y,1,865.287720
FE_PHC358_key_i_57,BUFx2_bottom,FE_PHC358_key_i_57/Y,1,910.918884
FE_PHC357_key_i_56,BUFx2_bottom,FE_PHC357_key_i_56/Y,1,913.921326
FE_PHC356_key_i_76,BUFx4_upper,FE_PHC356_key_i_76/Y,1,876.387390
FE_PHC355_key_i_77,BUFx2_upper,FE_PHC355_key_i_77/Y,1,919.541809
FE_PHC354_key_i_21,BUFx2_upper,FE_PHC354_key_i_21/Y,1,907.472290
FE_PHC353_key_i_117,BUFx2_upper,FE_PHC353_key_i_117/Y,2,802.481506
FE_PHC352_key_i_44,BUFx4_upper,FE_PHC352_key_i_44/Y,1,885.373779
FE_PHC351_key_i_47,BUFx2_upper,FE_PHC351_key_i_47/Y,1,890.888733
FE_PHC350_key_i_32,BUFx2_upper,FE_PHC350_key_i_32/Y,1,913.044067
FE_PHC349_key_i_92,BUFx2_upper,FE_PHC349_key_i_92/Y,1,869.197937
FE_PHC347_key_i_103,BUFx2_bottom,FE_PHC347_key_i_103/Y,1,829.282288
FE_PHC346_key_i_52,BUFx2_bottom,FE_PHC346_key_i_52/Y,2,901.268738
FE_PHC345_key_i_75,BUFx2_bottom,FE_PHC345_key_i_75/Y,1,870.149719
FE_PHC342_key_i_60,BUFx2_bottom,FE_PHC342_key_i_60/Y,1,924.358521
FE_PHC341_n2263,BUFx2_bottom,FE_PHC341_n2263/Y,1,836.498169
FE_PHC340_key_i_114,BUFx2_bottom,FE_PHC340_key_i_114/Y,1,839.319336
FE_PHC339_n580,BUFx2_bottom,FE_PHC339_n580/Y,1,408.700134
FE_PHC338_key_i_70,BUFx2_bottom,FE_PHC338_key_i_70/Y,1,934.452209
FE_PHC337_key_i_30,BUFx2_bottom,FE_PHC337_key_i_30/Y,1,937.250488
FE_PHC336_key_i_41,BUFx2_upper,FE_PHC336_key_i_41/Y,1,923.300415
FE_PHC335_n394,BUFx2_bottom,FE_PHC335_n394/Y,1,512.824341
FE_PHC332_key_i_42,BUFx2_upper,FE_PHC332_key_i_42/Y,1,927.532837
FE_PHC331_load_i,BUFx4_bottom,FE_PHC331_load_i/Y,1,902.865784
FE_PHC330_key_i_97,BUFx2_bottom,FE_PHC330_key_i_97/Y,1,937.336304
FE_PHC329_n431,BUFx2_bottom,FE_PHC329_n431/Y,1,417.170563
FE_PHC328_key_i_63,BUFx2_bottom,FE_PHC328_key_i_63/Y,2,920.481628
FE_PHC327_key_i_9,BUFx2_upper,FE_PHC327_key_i_9/Y,1,920.458740
FE_PHC326_key_i_29,BUFx8_bottom,FE_PHC326_key_i_29/Y,1,938.438354
FE_PHC325_key_i_20,BUFx2_upper,FE_PHC325_key_i_20/Y,1,922.740906
FE_PHC324_key_i_1,BUFx2_bottom,FE_PHC324_key_i_1/Y,1,938.433228
FE_PHC323_n538,BUFx2_bottom,FE_PHC323_n538/Y,1,407.230927
FE_PHC322_n364,BUFx2_bottom,FE_PHC322_n364/Y,1,441.192871
FE_PHC321_n496,BUFx2_upper,FE_PHC321_n496/Y,1,472.084198
FE_PHC320_n568,BUFx4_upper,FE_PHC320_n568/Y,1,397.465271
FE_PHC319_n533,BUFx4_bottom,FE_PHC319_n533/Y,1,406.372284
FE_PHC318_n760,BUFx4_bottom,FE_PHC318_n760/Y,1,385.110321
FE_PHC316_n851,BUFx4_upper,FE_PHC316_n851/Y,1,403.724823
FE_PHC315_n796,BUFx4_bottom,FE_PHC315_n796/Y,1,420.206207
FE_PHC314_n545,BUFx2_bottom,FE_PHC314_n545/Y,1,426.040497
FE_PHC313_reset,BUFx2_bottom,FE_PHC313_reset/Y,10,819.177795
FE_PHC312_n605,BUFx4_upper,FE_PHC312_n605/Y,1,420.571014
FE_PHC311_n382,BUFx2_bottom,FE_PHC311_n382/Y,1,523.278381
FE_PHC310_keysched_last_key_i_42,BUFx2_upper,FE_PHC310_keysched_last_key_i_42/Y,1,443.132202
FE_PHC306_key_i_97,BUFx2_bottom,FE_PHC306_key_i_97/Y,1,840.716614
FE_PHC305_key_i_24,BUFx4_bottom,FE_PHC305_key_i_24/Y,1,562.425720
FE_PHC304_key_i_2,BUFx2_upper,FE_PHC304_key_i_2/Y,1,480.628326
FE_PHC303_FE_PDN116_key_i_3,BUFx2_bottom,FE_PHC303_FE_PDN116_key_i_3/Y,2,464.001404
FE_PHC302_key_i_116,BUFx2_bottom,FE_PHC302_key_i_116/Y,1,841.165283
FE_PHC301_FE_PDN128_key_i_11,BUFx2_bottom,FE_PHC301_FE_PDN128_key_i_11/Y,2,464.455627
FE_PHC300_key_i_20,BUFx2_upper,FE_PHC300_key_i_20/Y,2,508.403656
FE_PHC299_key_i_30,BUFx2_bottom,FE_PHC299_key_i_30/Y,2,494.343781
FE_PHC298_FE_PDN122_key_i_5,BUFx2_bottom,FE_PHC298_FE_PDN122_key_i_5/Y,2,516.420349
FE_PHC297_key_i_9,BUFx2_upper,FE_PHC297_key_i_9/Y,2,482.695892
FE_PHC296_key_i_1,BUFx2_bottom,FE_PHC296_key_i_1/Y,2,497.718994
FE_PHC295_key_i_35,BUFx2_upper,FE_PHC295_key_i_35/Y,1,902.766968
FE_PHC294_key_i_23,BUFx2_bottom,FE_PHC294_key_i_23/Y,1,472.338501
FE_PHC293_key_i_72,BUFx2_upper,FE_PHC293_key_i_72/Y,1,863.812866
FE_PHC292_key_i_64,BUFx2_bottom,FE_PHC292_key_i_64/Y,1,890.683960
FE_PHC291_key_i_22,BUFx2_bottom,FE_PHC291_key_i_22/Y,2,482.301575
FE_PHC290_key_i_21,BUFx2_upper,FE_PHC290_key_i_21/Y,2,527.597595
FE_PHC289_key_i_59,BUFx2_upper,FE_PHC289_key_i_59/Y,1,909.961243
FE_PHC287_FE_PDN110_key_i_49,BUFx2_bottom,FE_PHC287_FE_PDN110_key_i_49/Y,1,935.630249
FE_PHC286_key_i_0,BUFx2_bottom,FE_PHC286_key_i_0/Y,1,551.148376
FE_PHC285_key_i_16,BUFx4_upper,FE_PHC285_key_i_16/Y,2,576.483337
FE_PHC284_FE_PDN141_key_i_38,BUFx2_bottom,FE_PHC284_FE_PDN141_key_i_38/Y,1,937.309143
FE_PHC283_FE_PDN139_key_i_74,BUFx2_upper,FE_PHC283_FE_PDN139_key_i_74/Y,1,922.076782
FE_PHC282_key_i_105,BUFx2_bottom,FE_PHC282_key_i_105/Y,2,823.500854
FE_PHC280_reset,BUFx5_bottom,FE_PHC280_reset/Y,24,821.114075
FE_PHC279_key_i_127,BUFx2_upper,FE_PHC279_key_i_127/Y,2,807.288757
FE_PHC278_FE_PDN118_key_i_37,BUFx2_bottom,FE_PHC278_FE_PDN118_key_i_37/Y,1,934.865723
FE_PHC277_FE_PDN114_key_i_33,BUFx2_upper,FE_PHC277_FE_PDN114_key_i_33/Y,2,884.762024
FE_PHC276_n2258,BUFx2_upper,FE_PHC276_n2258/Y,1,822.281189
FE_PHC275_FE_PDN121_key_i_39,BUFx2_upper,FE_PHC275_FE_PDN121_key_i_39/Y,1,926.786621
FE_PHC274_key_i_92,BUFx2_upper,FE_PHC274_key_i_92/Y,1,918.294067
FE_PHC273_key_i_109,BUFx2_bottom,FE_PHC273_key_i_109/Y,2,830.095154
FE_PHC272_load_i,BUFx2_bottom,FE_PHC272_load_i/Y,2,902.865784
FE_PHC271_key_i_110,BUFx2_upper,FE_PHC271_key_i_110/Y,2,818.719238
FE_PHC270_key_i_100,BUFx2_bottom,FE_PHC270_key_i_100/Y,2,826.338562
FE_PHC269_key_i_112,BUFx2_bottom,FE_PHC269_key_i_112/Y,2,843.332581
FE_PHC268_key_i_67,BUFx2_bottom,FE_PHC268_key_i_67/Y,1,851.924561
FE_PHC267_key_i_117,BUFx2_upper,FE_PHC267_key_i_117/Y,1,802.481506
FE_PHC266_key_i_101,BUFx2_bottom,FE_PHC266_key_i_101/Y,2,815.802490
FE_PHC265_key_i_102,BUFx3_bottom,FE_PHC265_key_i_102/Y,2,814.964661
FE_PHC264_key_i_90,BUFx2_upper,FE_PHC264_key_i_90/Y,1,921.415771
FE_PHC263_key_i_96,BUFx2_bottom,FE_PHC263_key_i_96/Y,2,845.680420
FE_PHC262_key_i_70,BUFx2_bottom,FE_PHC262_key_i_70/Y,2,856.366272
FE_PHC261_key_i_121,BUFx2_bottom,FE_PHC261_key_i_121/Y,1,929.062988
FE_PHC260_key_i_77,BUFx2_upper,FE_PHC260_key_i_77/Y,2,859.509216
FE_PHC259_key_i_103,BUFx2_bottom,FE_PHC259_key_i_103/Y,1,939.587280
FE_PHC258_n436,BUFx2_upper,FE_PHC258_n436/Y,1,398.672821
FE_PHC257_key_i_115,BUFx3_upper,FE_PHC257_key_i_115/Y,2,801.489807
FE_PHC256_key_i_89,BUFx4_upper,FE_PHC256_key_i_89/Y,1,929.217651
FE_PHC255_key_i_52,BUFx2_bottom,FE_PHC255_key_i_52/Y,1,901.268738
FE_PHC254_key_i_87,BUFx2_upper,FE_PHC254_key_i_87/Y,2,852.954407
FE_PHC253_n394,BUFx4_upper,FE_PHC253_n394/Y,1,512.824280
FE_PHC252_key_i_88,BUFx2_bottom,FE_PHC252_key_i_88/Y,1,935.591492
FE_PHC251_key_i_93,BUFx2_bottom,FE_PHC251_key_i_93/Y,2,853.754028
FE_PHC250_key_i_122,BUFx2_upper,FE_PHC250_key_i_122/Y,1,913.042786
FE_PHC249_FE_PDN111_key_i_6,BUFx2_bottom,FE_PHC249_FE_PDN111_key_i_6/Y,1,936.088013
FE_PHC248_key_i_126,BUFx2_bottom,FE_PHC248_key_i_126/Y,1,932.975952
FE_PHC247_n317,BUFx2_bottom,FE_PHC247_n317/Y,1,420.763916
FE_PHC246_key_i_78,BUFx4_upper,FE_PHC246_key_i_78/Y,1,941.924683
FE_PHC245_key_i_104,BUFx2_upper,FE_PHC245_key_i_104/Y,1,912.836060
FE_PHC244_FE_PDN149_key_i_18,BUFx2_bottom,FE_PHC244_FE_PDN149_key_i_18/Y,1,937.515320
FE_PHC243_n322,BUFx2_bottom,FE_PHC243_n322/Y,1,419.114868
FE_PHC242_key_i_42,BUFx4_upper,FE_PHC242_key_i_42/Y,1,927.532898
FE_PHC241_FE_PDN117_key_i_7,BUFx2_bottom,FE_PHC241_FE_PDN117_key_i_7/Y,1,936.059814
FE_PHC240_key_i_114,BUFx2_bottom,FE_PHC240_key_i_114/Y,1,947.058411
FE_PHC239_key_i_46,BUFx2_bottom,FE_PHC239_key_i_46/Y,2,887.275574
FE_PHC238_key_i_84,BUFx2_upper,FE_PHC238_key_i_84/Y,1,931.938843
FE_PHC237_key_i_32,BUFx2_bottom,FE_PHC237_key_i_32/Y,1,937.945618
FE_PHC236_n538,BUFx4_bottom,FE_PHC236_n538/Y,1,407.230988
FE_PHC235_key_i_76,BUFx2_upper,FE_PHC235_key_i_76/Y,1,920.437073
FE_PHC234_key_i_28,BUFx2_bottom,FE_PHC234_key_i_28/Y,1,942.192871
FE_PHC233_key_i_26,BUFx2_bottom,FE_PHC233_key_i_26/Y,1,942.268372
FE_PHC232_key_i_41,BUFx2_upper,FE_PHC232_key_i_41/Y,1,923.300415
FE_PHC231_key_i_57,BUFx2_bottom,FE_PHC231_key_i_57/Y,1,941.251953
FE_PHC230_key_i_119,BUFx2_upper,FE_PHC230_key_i_119/Y,2,822.099854
FE_PHC229_key_i_56,BUFx2_bottom,FE_PHC229_key_i_56/Y,1,942.019897
FE_PHC228_key_i_55,BUFx4_upper,FE_PHC228_key_i_55/Y,1,940.111450
FE_PHC227_key_i_27,BUFx2_upper,FE_PHC227_key_i_27/Y,1,926.333862
FE_PHC226_n496,BUFx2_upper,FE_PHC226_n496/Y,1,472.084259
FE_PHC225_key_i_75,BUFx4_bottom,FE_PHC225_key_i_75/Y,1,949.622803
FE_PHC224_key_i_60,BUFx4_bottom,FE_PHC224_key_i_60/Y,1,935.238464
FE_PHC223_key_i_43,BUFx4_bottom,FE_PHC223_key_i_43/Y,1,937.067322
FE_PHC222_key_i_69,BUFx2_upper,FE_PHC222_key_i_69/Y,2,845.625549
FE_PHC221_key_i_85,BUFx2_upper,FE_PHC221_key_i_85/Y,2,843.720886
FE_PHC220_n976,BUFx2_upper,FE_PHC220_n976/Y,1,395.941895
FE_PHC219_key_i_120,BUFx2_upper,FE_PHC219_key_i_120/Y,1,915.642517
FE_PHC218_key_i_53,BUFx4_bottom,FE_PHC218_key_i_53/Y,2,905.103821
FE_PHC217_key_i_66,BUFx2_upper,FE_PHC217_key_i_66/Y,2,855.096558
FE_PHC216_n581,BUFx4_bottom,FE_PHC216_n581/Y,1,408.700134
FE_PHC215_key_i_80,BUFx2_upper,FE_PHC215_key_i_80/Y,2,864.184143
FE_PHC212_key_i_62,BUFx4_upper,FE_PHC212_key_i_62/Y,2,905.060486
FE_PHC211_key_i_58,BUFx4_upper,FE_PHC211_key_i_58/Y,2,904.273743
FE_PHC210_key_i_65,BUFx2_upper,FE_PHC210_key_i_65/Y,2,867.448120
FE_PHC209_FE_PDN123_key_i_15,BUFx2_upper,FE_PHC209_FE_PDN123_key_i_15/Y,1,926.185425
FE_PHC208_key_i_71,BUFx2_upper,FE_PHC208_key_i_71/Y,2,848.523682
FE_PHC207_key_i_82,BUFx2_upper,FE_PHC207_key_i_82/Y,2,854.784363
FE_PHC206_FE_PDN124_key_i_10,BUFx2_bottom,FE_PHC206_FE_PDN124_key_i_10/Y,1,942.351196
FE_PHC205_key_i_79,BUFx2_bottom,FE_PHC205_key_i_79/Y,2,866.979065
FE_PHC204_key_i_86,BUFx2_upper,FE_PHC204_key_i_86/Y,2,848.408264
FE_PHC203_key_i_68,BUFx2_upper,FE_PHC203_key_i_68/Y,2,851.482361
FE_PHC202_key_i_61,BUFx4_upper,FE_PHC202_key_i_61/Y,2,899.844666
FE_PHC201_key_i_99,BUFx2_upper,FE_PHC201_key_i_99/Y,1,925.427124
FE_PHC200_n923,BUFx4_upper,FE_PHC200_n923/Y,1,511.435852
FE_PHC198_key_i_50,BUFx2_upper,FE_PHC198_key_i_50/Y,2,897.123474
FE_PHC197_key_i_54,BUFx2_bottom,FE_PHC197_key_i_54/Y,2,891.663574
FE_PHC196_key_i_95,BUFx2_bottom,FE_PHC196_key_i_95/Y,1,937.377502
FE_PHC195_n640,BUFx4_upper,FE_PHC195_n640/Y,1,416.585663
FE_PHC194_key_i_34,BUFx2_upper,FE_PHC194_key_i_34/Y,2,894.078674
FE_PHC193_n1623,BUFx2_upper,FE_PHC193_n1623/Y,1,401.749023
FE_PHC192_key_i_48,BUFx2_bottom,FE_PHC192_key_i_48/Y,2,913.323181
FE_PHC191_key_i_125,BUFx2_bottom,FE_PHC191_key_i_125/Y,1,940.478699
FE_PDC190_data_i_110,BUFx2_upper,FE_PDC190_data_i_110/Y,1,845.132507
FE_PDC189_key_i_36,BUFx2_upper,FE_PDC189_key_i_36/Y,1,873.504944
FE_PDC188_key_i_51,BUFx3_bottom,FE_PDC188_key_i_51/Y,1,878.866516
FE_PDC187_data_i_80,BUFx3_upper,FE_PDC187_data_i_80/Y,1,870.828613
FE_PDC186_data_i_61,BUFx2_bottom,FE_PDC186_data_i_61/Y,1,897.574463
FE_PDC185_data_i_66,BUFx8_upper,FE_PDC185_data_i_66/Y,1,888.629211
FE_PDC184_data_i_85,BUFx2_upper,FE_PDC184_data_i_85/Y,1,872.875977
FE_PDC183_data_i_99,BUFx3_upper,FE_PDC183_data_i_99/Y,1,856.804077
FE_PDC182_data_i_98,BUFx3_upper,FE_PDC182_data_i_98/Y,1,848.538818
FE_PDC181_data_i_116,BUFx2_bottom,FE_PDC181_data_i_116/Y,1,870.434326
FE_PDC180_key_i_81,BUFx3_upper,FE_PDC180_key_i_81/Y,2,862.374329
FE_PDC179_key_i_108,BUFx3_upper,FE_PDC179_key_i_108/Y,1,820.244019
FE_PDC178_key_i_4,BUFx2_upper,FE_PDC178_key_i_4/Y,1,474.237976
FE_PDC177_key_i_12,BUFx3_upper,FE_PDC177_key_i_12/Y,1,487.635498
FE_PDC176_key_i_45,BUFx3_upper,FE_PDC176_key_i_45/Y,1,890.125061
FE_PDC175_key_i_8,BUFx2_upper,FE_PDC175_key_i_8/Y,1,525.579834
FE_PDC174_data_i_115,BUFx3_upper,FE_PDC174_data_i_115/Y,1,858.679443
FE_PDC173_key_i_13,BUFx3_bottom,FE_PDC173_key_i_13/Y,1,521.980835
FE_PDC172_key_i_111,BUFx2_bottom,FE_PDC172_key_i_111/Y,1,821.731750
FE_PDC171_key_i_14,BUFx2_upper,FE_PDC171_key_i_14/Y,1,449.688171
FE_PDC170_data_i_52,BUFx2_bottom,FE_PDC170_data_i_52/Y,1,908.831482
FE_PDC169_data_i_23,BUFx3_bottom,FE_PDC169_data_i_23/Y,1,911.806885
FE_PDC168_data_i_21,BUFx8_bottom,FE_PDC168_data_i_21/Y,1,899.224548
FE_PDC167_data_i_3,BUFx2_bottom,FE_PDC167_data_i_3/Y,1,904.351624
FE_PDC166_data_i_62,BUFx2_upper,FE_PDC166_data_i_62/Y,1,883.044312
FE_PDC165_data_i_28,BUFx2_bottom,FE_PDC165_data_i_28/Y,1,908.009277
FE_PDC164_data_i_96,BUFx2_bottom,FE_PDC164_data_i_96/Y,1,891.570129
FE_PDC163_data_i_64,BUFx2_bottom,FE_PDC163_data_i_64/Y,1,876.891418
FE_PDC162_data_i_74,BUFx3_bottom,FE_PDC162_data_i_74/Y,1,891.634583
FE_PDC161_data_i_79,BUFx2_bottom,FE_PDC161_data_i_79/Y,1,897.307251
FE_PDC160_data_i_106,BUFx3_bottom,FE_PDC160_data_i_106/Y,1,871.933167
FE_PDC159_data_i_19,BUFx3_upper,FE_PDC159_data_i_19/Y,1,861.390869
FE_PDC158_data_i_87,BUFx2_upper,FE_PDC158_data_i_87/Y,1,866.696472
FE_PDC157_data_i_71,BUFx3_upper,FE_PDC157_data_i_71/Y,1,890.810913
FE_PDC156_data_i_116,BUFx2_bottom,FE_PDC156_data_i_116/Y,1,870.434326
FE_PDC155_data_i_32,BUFx2_bottom,FE_PDC155_data_i_32/Y,1,906.683716
FE_PDC154_data_i_98,BUFx2_upper,FE_PDC154_data_i_98/Y,1,848.538818
FE_PDC153_key_i_13,BUFx2_bottom,FE_PDC153_key_i_13/Y,2,521.980774
FE_PDC152_key_i_98,BUFx3_upper,FE_PDC152_key_i_98/Y,2,821.782349
FE_PDC151_data_i_107,BUFx2_bottom,FE_PDC151_data_i_107/Y,1,868.230957
FE_PDC150_data_i_76,BUFx3_upper,FE_PDC150_data_i_76/Y,1,880.584900
FE_PDC149_key_i_18,BUFx8_bottom,FE_PDC149_key_i_18/Y,2,493.645569
FE_PDC148_data_i_16,BUFx2_bottom,FE_PDC148_data_i_16/Y,1,904.423523
FE_PDC147_data_i_73,BUFx2_bottom,FE_PDC147_data_i_73/Y,1,895.492615
FE_PDC146_key_i_108,BUFx8_upper,FE_PDC146_key_i_108/Y,2,820.244080
FE_PDC145_data_i_33,BUFx2_upper,FE_PDC145_data_i_33/Y,1,885.180786
FE_PDC144_data_i_7,BUFx3_bottom,FE_PDC144_data_i_7/Y,1,912.588379
FE_PDC143_data_i_108,BUFx3_bottom,FE_PDC143_data_i_108/Y,1,870.001099
FE_PDC142_key_i_8,BUFx2_upper,FE_PDC142_key_i_8/Y,2,525.579773
FE_PDC141_key_i_38,BUFx3_bottom,FE_PDC141_key_i_38/Y,2,904.866272
FE_PDC140_key_i_0,BUFx3_bottom,FE_PDC140_key_i_0/Y,2,551.148376
FE_PDC139_key_i_74,BUFx3_upper,FE_PDC139_key_i_74/Y,2,857.857178
FE_PDC138_data_i_70,BUFx2_bottom,FE_PDC138_data_i_70/Y,1,907.347595
FE_PDC137_key_i_73,BUFx3_bottom,FE_PDC137_key_i_73/Y,2,873.353638
FE_PDC136_data_i_115,BUFx2_upper,FE_PDC136_data_i_115/Y,1,858.679443
FE_PDC135_data_i_103,BUFx3_bottom,FE_PDC135_data_i_103/Y,1,892.676270
FE_PDC134_data_i_80,BUFx3_upper,FE_PDC134_data_i_80/Y,1,870.828613
FE_PDC133_key_i_12,BUFx8_upper,FE_PDC133_key_i_12/Y,2,487.635498
FE_PDC132_data_i_110,BUFx2_upper,FE_PDC132_data_i_110/Y,1,845.132507
FE_PDC131_data_i_83,BUFx3_upper,FE_PDC131_data_i_83/Y,1,874.658203
FE_PDC130_key_i_17,BUFx4_upper,FE_PDC130_key_i_17/Y,2,513.854431
FE_PDC129_key_i_47,BUFx4_upper,FE_PDC129_key_i_47/Y,2,890.888672
FE_PDC128_key_i_11,BUFx3_bottom,FE_PDC128_key_i_11/Y,1,464.455627
FE_PDC127_key_i_36,BUFx2_upper,FE_PDC127_key_i_36/Y,2,873.504944
FE_PDC126_key_i_44,BUFx2_upper,FE_PDC126_key_i_44/Y,2,885.373840
FE_PDC125_data_i_99,BUFx3_upper,FE_PDC125_data_i_99/Y,1,856.804077
FE_PDC124_key_i_10,BUFx8_bottom,FE_PDC124_key_i_10/Y,2,484.198364
FE_PDC123_key_i_15,BUFx2_upper,FE_PDC123_key_i_15/Y,2,468.944000
FE_PDC122_key_i_5,BUFx3_bottom,FE_PDC122_key_i_5/Y,1,516.420349
FE_PDC121_key_i_39,BUFx3_upper,FE_PDC121_key_i_39/Y,2,906.406677
FE_PDC120_key_i_45,BUFx2_upper,FE_PDC120_key_i_45/Y,2,890.125061
FE_PDC119_key_i_14,BUFx2_upper,FE_PDC119_key_i_14/Y,2,449.688171
FE_PDC118_key_i_37,BUFx3_bottom,FE_PDC118_key_i_37/Y,2,899.647644
FE_PDC117_key_i_7,BUFx2_bottom,FE_PDC117_key_i_7/Y,2,474.804352
FE_PDC116_key_i_3,BUFx2_bottom,FE_PDC116_key_i_3/Y,1,464.001343
FE_PDC115_key_i_111,BUFx8_bottom,FE_PDC115_key_i_111/Y,2,821.731689
FE_PDC114_key_i_33,BUFx2_upper,FE_PDC114_key_i_33/Y,1,884.762024
FE_PDC113_key_i_4,BUFx2_upper,FE_PDC113_key_i_4/Y,2,474.238037
FE_PDC112_key_i_51,BUFx2_bottom,FE_PDC112_key_i_51/Y,2,878.866516
FE_PDC107_data_o_9,BUFx3_upper,FE_PDC107_data_o_9/Y,2,310.773560
FE_PDC111_key_i_6,BUFx2_bottom,FE_PDC111_key_i_6/Y,2,475.465668
FE_PDC110_key_i_49,BUFx3_bottom,FE_PDC110_key_i_49/Y,2,905.860657
FE_PDC109_data_i_85,BUFx3_upper,FE_PDC109_data_i_85/Y,1,872.875977
FE_PDC108_data_o_8,BUFx2_upper,FE_PDC108_data_o_8/Y,0,814.630127
FE_OFC101_FE_OFN8_reset,BUFx5_bottom,FE_OFC101_FE_OFN8_reset/Y,29,857.867676
FE_OFC98_sbox_data_o_0,BUFx2_upper,FE_OFC98_sbox_data_o_0/Y,9,156.304962
FE_OFC97_sbox_data_o_1,BUFx2_upper,FE_OFC97_sbox_data_o_1/Y,9,150.709717
FE_OFC96_sbox_data_o_2,BUFx2_bottom,FE_OFC96_sbox_data_o_2/Y,9,170.392639
FE_OFC95_sbox_data_o_3,BUFx2_bottom,FE_OFC95_sbox_data_o_3/Y,9,199.620438
FE_OFC94_sbox_data_o_4,BUFx2_bottom,FE_OFC94_sbox_data_o_4/Y,9,211.292267
FE_OFC93_sbox_data_o_5,BUFx2_upper,FE_OFC93_sbox_data_o_5/Y,9,194.888718
FE_OFC92_sbox_data_o_6,BUFx2_bottom,FE_OFC92_sbox_data_o_6/Y,9,189.070145
FE_OFC91_sbox_data_o_7,BUFx2_upper,FE_OFC91_sbox_data_o_7/Y,9,186.868637
FE_OFC90_n278,BUFx8_bottom,FE_OFC90_n278/Y,72,395.941986
FE_OFC89_n278,BUFx5_bottom,FE_OFC89_n278/Y,47,395.941986
FE_OFC88_n275,BUFx5_upper,FE_OFC88_n275/Y,46,385.110229
FE_OFC87_n275,BUFx5_upper,FE_OFC87_n275/Y,47,385.110229
FE_OFC86_n275,BUFx3_bottom,FE_OFC86_n275/Y,33,385.110229
FE_OFC85_n11,BUFx4_bottom,FE_OFC85_n11/Y,44,-20.396406
FE_OFC84_n11,BUFx4_bottom,FE_OFC84_n11/Y,54,-54.296928
FE_OFC83_n11,BUFx8_upper,FE_OFC83_n11/Y,75,-54.296928
FE_OFC82_n11,BUFx4_bottom,FE_OFC82_n11/Y,45,-54.296928
FE_OFC67_n1123,BUFx8_upper,FE_OFC67_n1123/Y,75,25.814184
FE_OFC66_n1123,BUFx4_upper,FE_OFC66_n1123/Y,41,25.814184
FE_OFC65_FE_DBTN89_n1665,BUFx4_bottom,FE_OFC65_FE_DBTN89_n1665/Y,41,109.071861
FE_OFC64_FE_DBTN89_n1665,BUFx8_bottom,FE_OFC64_FE_DBTN89_n1665/Y,74,80.707664
FE_OFC63_FE_DBTN89_n1665,BUFx5_bottom,FE_OFC63_FE_DBTN89_n1665/Y,52,80.707664
FE_OFC62_FE_DBTN89_n1665,BUFx4_upper,FE_OFC62_FE_DBTN89_n1665/Y,42,144.996521
FE_OFC58_n1121,BUFx8_upper,FE_OFC58_n1121/Y,74,17.118002
FE_OFC57_n1121,BUFx4_upper,FE_OFC57_n1121/Y,38,17.118002
FE_OFC56_n1037,BUFx2_bottom,FE_OFC56_n1037/Y,7,25.814184
FE_OFC55_n279,BUFx8_upper,FE_OFC55_n279/Y,66,417.638550
FE_OFC54_n279,BUFx8_bottom,FE_OFC54_n279/Y,63,417.638550
FE_OFC53_n272,BUFx8_upper,FE_OFC53_n272/Y,71,541.720398
FE_OFC52_n272,BUFx4_upper,FE_OFC52_n272/Y,40,557.917114
FE_OFC51_n272,BUFx2_bottom,FE_OFC51_n272/Y,19,541.720398
FE_OFC50_n268,BUFx4_bottom,FE_OFC50_n268/Y,40,618.592529
FE_OFC49_n268,BUFx5_bottom,FE_OFC49_n268/Y,45,644.728760
FE_OFC48_n268,BUFx4_bottom,FE_OFC48_n268/Y,44,618.592529
FE_OFC47_keysched_sbox_access_o,BUFx2_upper,FE_OFC47_keysched_sbox_access_o/Y,10,103.411034
FE_OFC28_FE_DBTN88_n1666,BUFx8_upper,FE_OFC28_FE_DBTN88_n1666/Y,73,595.377502
FE_OFC26_FE_OFN3_reset,BUFx3_bottom,FE_OFC26_FE_OFN3_reset/Y,19,868.336548
FE_OFC25_FE_OFN7_reset,BUFx4_bottom,FE_OFC25_FE_OFN7_reset/Y,23,845.087585
FE_OFC24_FE_OFN11_reset,BUFx4_bottom,FE_OFC24_FE_OFN11_reset/Y,23,865.188416
FE_OFC23_FE_OFN12_reset,BUFx3_bottom,FE_OFC23_FE_OFN12_reset/Y,19,863.771851
FE_OFC22_reset,INVx4_bottom,FE_OFC22_reset/Y,27,823.366760
FE_OFC21_reset,INVx4_bottom,FE_OFC21_reset/Y,28,821.114197
FE_OFC20_reset,INVx5_bottom,FE_OFC20_reset/Y,32,819.177673
FE_OFC19_reset,INVx4_bottom,FE_OFC19_reset/Y,24,824.777283
FE_OFC18_reset,INVx1_bottom,FE_OFC18_reset/Y,2,821.114136
FE_OFC17_reset,INVx1_bottom,FE_OFC17_reset/Y,2,819.177673
FE_OFC16_reset,INVx5_bottom,FE_OFC16_reset/Y,30,821.114136
FE_OFC15_reset,INVx6_bottom,FE_OFC15_reset/Y,40,867.600098
FE_OFC14_reset,INVx3_bottom,FE_OFC14_reset/Y,15,819.177734
FE_OFC13_reset,BUFx8_bottom,FE_OFC13_reset/Y,51,880.442749
FE_OFC12_reset,BUFx3_bottom,FE_OFC12_reset/Y,16,863.771729
FE_OFC11_reset,BUFx2_bottom,FE_OFC11_reset/Y,8,865.188416
FE_OFC10_reset,BUFx8_bottom,FE_OFC10_reset/Y,50,888.995117
FE_OFC9_reset,BUFx2_bottom,FE_OFC9_reset/Y,5,915.530884
FE_OFC8_reset,BUFx3_bottom,FE_OFC8_reset/Y,22,857.867737
FE_OFC7_reset,BUFx4_bottom,FE_OFC7_reset/Y,27,845.087585
FE_OFC6_reset,BUFx10_bottom,FE_OFC6_reset/Y,51,897.998047
FE_OFC5_reset,INVx1_bottom,FE_OFC5_reset/Y,1,821.114075
FE_OFC4_reset,BUFx8_bottom,FE_OFC4_reset/Y,36,899.630249
FE_OFC3_reset,BUFx2_bottom,FE_OFC3_reset/Y,12,868.336487
FE_OFC1_reset,BUFx8_bottom,FE_OFC1_reset/Y,36,897.798523
FE_OFC0_reset,INVx1_bottom,FE_OFC0_reset/Y,2,819.177734
FE_DBTC89_n1665,INVx4_bottom,FE_DBTC89_n1665/Y,53,-54.296944
FE_DBTC88_n1666,INVx5_bottom,FE_DBTC88_n1666/Y,57,541.720398
addroundkey_ready_o_reg,DFFASRHQNx1_bottom,addroundkey_ready_o_reg/QN,3,311.165222
round_reg_2_,DFFASRHQNx1_bottom,round_reg_2_/QN,5,-50.713005
ready_o_reg,DFFASRHQNx1_bottom,ready_o_reg/QN,0,859.996277
state_reg,DFFASRHQNx1_bottom,state_reg/QN,7,274.225861
first_round_reg_reg,DFFASRHQNx1_bottom,first_round_reg_reg/QN,1,874.250000
addroundkey_start_i_reg,DFFASRHQNx1_bottom,addroundkey_start_i_reg/QN,2,105.665314
addroundkey_round_reg_0_,DFFASRHQNx1_bottom,addroundkey_round_reg_0_/QN,5,62.622948
addroundkey_data_reg_reg_127_,DFFASRHQNx1_upper,addroundkey_data_reg_reg_127_/QN,2,303.690674
round_reg_3_,DFFASRHQNx1_bottom,round_reg_3_/QN,6,-35.911564
round_reg_0_,DFFASRHQNx1_bottom,round_reg_0_/QN,4,-54.296936
round_reg_1_,DFFASRHQNx1_bottom,round_reg_1_/QN,5,-46.853848
addroundkey_round_reg_1_,DFFASRHQNx1_bottom,addroundkey_round_reg_1_/QN,5,61.884636
addroundkey_round_reg_2_,DFFASRHQNx1_bottom,addroundkey_round_reg_2_/QN,5,60.902546
addroundkey_round_reg_3_,DFFASRHQNx1_bottom,addroundkey_round_reg_3_/QN,5,62.167091
addroundkey_data_reg_reg_9_,DFFASRHQNx1_upper,addroundkey_data_reg_reg_9_/QN,1,310.773529
addroundkey_data_reg_reg_99_,DFFASRHQNx1_upper,addroundkey_data_reg_reg_99_/QN,2,297.960938
addroundkey_data_reg_reg_98_,DFFASRHQNx1_upper,addroundkey_data_reg_reg_98_/QN,2,297.237610
addroundkey_data_reg_reg_97_,DFFASRHQNx1_bottom,addroundkey_data_reg_reg_97_/QN,2,338.109711
addroundkey_data_reg_reg_96_,DFFASRHQNx1_bottom,addroundkey_data_reg_reg_96_/QN,2,391.217438
addroundkey_data_reg_reg_95_,DFFASRHQNx1_bottom,addroundkey_data_reg_reg_95_/QN,2,324.255707
addroundkey_data_reg_reg_94_,DFFASRHQNx1_upper,addroundkey_data_reg_reg_94_/QN,2,307.811340
addroundkey_data_reg_reg_93_,DFFASRHQNx1_bottom,addroundkey_data_reg_reg_93_/QN,2,383.065247
addroundkey_data_reg_reg_92_,DFFASRHQNx1_upper,addroundkey_data_reg_reg_92_/QN,2,341.546967
addroundkey_data_reg_reg_91_,DFFASRHQNx1_upper,addroundkey_data_reg_reg_91_/QN,2,299.494049
addroundkey_data_reg_reg_90_,DFFASRHQNx1_upper,addroundkey_data_reg_reg_90_/QN,2,292.485504
addroundkey_data_reg_reg_8_,DFFASRHQNx1_upper,addroundkey_data_reg_reg_8_/QN,3,371.115662
addroundkey_data_reg_reg_89_,DFFASRHQNx1_bottom,addroundkey_data_reg_reg_89_/QN,2,332.668671
addroundkey_data_reg_reg_88_,DFFASRHQNx1_upper,addroundkey_data_reg_reg_88_/QN,2,367.588898
addroundkey_data_reg_reg_87_,DFFASRHQNx1_upper,addroundkey_data_reg_reg_87_/QN,2,322.501160
addroundkey_data_reg_reg_86_,DFFASRHQNx1_upper,addroundkey_data_reg_reg_86_/QN,2,311.640778
addroundkey_data_reg_reg_85_,DFFASRHQNx1_upper,addroundkey_data_reg_reg_85_/QN,2,371.682953
addroundkey_data_reg_reg_84_,DFFASRHQNx1_bottom,addroundkey_data_reg_reg_84_/QN,2,347.824860
addroundkey_data_reg_reg_83_,DFFASRHQNx1_upper,addroundkey_data_reg_reg_83_/QN,2,286.486877
addroundkey_data_reg_reg_82_,DFFASRHQNx1_upper,addroundkey_data_reg_reg_82_/QN,2,291.231018
addroundkey_data_reg_reg_81_,DFFASRHQNx1_bottom,addroundkey_data_reg_reg_81_/QN,2,332.377716
addroundkey_data_reg_reg_80_,DFFASRHQNx1_upper,addroundkey_data_reg_reg_80_/QN,2,375.544189
addroundkey_data_reg_reg_7_,DFFASRHQNx1_bottom,addroundkey_data_reg_reg_7_/QN,2,329.060822
addroundkey_data_reg_reg_79_,DFFASRHQNx1_bottom,addroundkey_data_reg_reg_79_/QN,2,318.119965
addroundkey_data_reg_reg_78_,DFFASRHQNx1_upper,addroundkey_data_reg_reg_78_/QN,2,311.975983
addroundkey_data_reg_reg_77_,DFFASRHQNx1_bottom,addroundkey_data_reg_reg_77_/QN,2,380.493469
addroundkey_data_reg_reg_76_,DFFASRHQNx1_upper,addroundkey_data_reg_reg_76_/QN,2,330.526917
addroundkey_data_reg_reg_75_,DFFASRHQNx1_bottom,addroundkey_data_reg_reg_75_/QN,2,297.037231
addroundkey_data_reg_reg_74_,DFFASRHQNx1_upper,addroundkey_data_reg_reg_74_/QN,2,282.431396
addroundkey_data_reg_reg_73_,DFFASRHQNx1_bottom,addroundkey_data_reg_reg_73_/QN,2,325.541199
addroundkey_data_reg_reg_72_,DFFASRHQNx1_upper,addroundkey_data_reg_reg_72_/QN,2,362.851898
addroundkey_data_reg_reg_71_,DFFASRHQNx1_upper,addroundkey_data_reg_reg_71_/QN,2,316.331238
addroundkey_data_reg_reg_70_,DFFASRHQNx1_bottom,addroundkey_data_reg_reg_70_/QN,2,312.418701
addroundkey_data_reg_reg_6_,DFFASRHQNx1_bottom,addroundkey_data_reg_reg_6_/QN,2,307.542999
addroundkey_data_reg_reg_69_,DFFASRHQNx1_upper,addroundkey_data_reg_reg_69_/QN,2,370.425629
addroundkey_data_reg_reg_68_,DFFASRHQNx1_upper,addroundkey_data_reg_reg_68_/QN,2,330.009979
addroundkey_data_reg_reg_67_,DFFASRHQNx1_bottom,addroundkey_data_reg_reg_67_/QN,2,301.029602
addroundkey_data_reg_reg_66_,DFFASRHQNx1_upper,addroundkey_data_reg_reg_66_/QN,2,287.929230
addroundkey_data_reg_reg_65_,DFFASRHQNx1_upper,addroundkey_data_reg_reg_65_/QN,2,318.444244
addroundkey_data_reg_reg_64_,DFFASRHQNx1_bottom,addroundkey_data_reg_reg_64_/QN,2,385.010315
addroundkey_data_reg_reg_63_,DFFASRHQNx1_bottom,addroundkey_data_reg_reg_63_/QN,2,285.093994
addroundkey_data_reg_reg_62_,DFFASRHQNx1_upper,addroundkey_data_reg_reg_62_/QN,2,293.890778
addroundkey_data_reg_reg_61_,DFFASRHQNx1_bottom,addroundkey_data_reg_reg_61_/QN,2,373.448486
addroundkey_data_reg_reg_60_,DFFASRHQNx1_bottom,addroundkey_data_reg_reg_60_/QN,2,337.812683
addroundkey_data_reg_reg_5_,DFFASRHQNx1_bottom,addroundkey_data_reg_reg_5_/QN,2,375.416779
addroundkey_data_reg_reg_59_,DFFASRHQNx1_bottom,addroundkey_data_reg_reg_59_/QN,2,287.073059
addroundkey_data_reg_reg_58_,DFFASRHQNx1_upper,addroundkey_data_reg_reg_58_/QN,2,279.038208
addroundkey_data_reg_reg_57_,DFFASRHQNx1_bottom,addroundkey_data_reg_reg_57_/QN,2,317.791351
addroundkey_data_reg_reg_56_,DFFASRHQNx1_bottom,addroundkey_data_reg_reg_56_/QN,2,370.328064
addroundkey_data_reg_reg_55_,DFFASRHQNx1_upper,addroundkey_data_reg_reg_55_/QN,2,312.084137
addroundkey_data_reg_reg_54_,DFFASRHQNx1_bottom,addroundkey_data_reg_reg_54_/QN,2,311.981567
addroundkey_data_reg_reg_53_,DFFASRHQNx1_bottom,addroundkey_data_reg_reg_53_/QN,2,376.803345
addroundkey_data_reg_reg_52_,DFFASRHQNx1_bottom,addroundkey_data_reg_reg_52_/QN,2,341.713531
addroundkey_data_reg_reg_51_,DFFASRHQNx1_bottom,addroundkey_data_reg_reg_51_/QN,2,285.971680
addroundkey_data_reg_reg_50_,DFFASRHQNx1_upper,addroundkey_data_reg_reg_50_/QN,2,290.749146
addroundkey_data_reg_reg_4_,DFFASRHQNx1_upper,addroundkey_data_reg_reg_4_/QN,2,329.857971
addroundkey_data_reg_reg_49_,DFFASRHQNx1_bottom,addroundkey_data_reg_reg_49_/QN,2,324.386749
addroundkey_data_reg_reg_48_,DFFASRHQNx1_bottom,addroundkey_data_reg_reg_48_/QN,2,373.003571
addroundkey_data_reg_reg_47_,DFFASRHQNx1_upper,addroundkey_data_reg_reg_47_/QN,2,292.137634
addroundkey_data_reg_reg_46_,DFFASRHQNx1_bottom,addroundkey_data_reg_reg_46_/QN,2,323.373688
addroundkey_data_reg_reg_45_,DFFASRHQNx1_upper,addroundkey_data_reg_reg_45_/QN,2,372.434265
addroundkey_data_reg_reg_44_,DFFASRHQNx1_upper,addroundkey_data_reg_reg_44_/QN,2,326.834900
addroundkey_data_reg_reg_43_,DFFASRHQNx1_bottom,addroundkey_data_reg_reg_43_/QN,2,293.341888
addroundkey_data_reg_reg_42_,DFFASRHQNx1_upper,addroundkey_data_reg_reg_42_/QN,2,287.864655
addroundkey_data_reg_reg_41_,DFFASRHQNx1_upper,addroundkey_data_reg_reg_41_/QN,2,297.244049
addroundkey_data_reg_reg_40_,DFFASRHQNx1_upper,addroundkey_data_reg_reg_40_/QN,2,349.972595
addroundkey_data_reg_reg_3_,DFFASRHQNx1_bottom,addroundkey_data_reg_reg_3_/QN,2,290.977875
addroundkey_data_reg_reg_39_,DFFASRHQNx1_bottom,addroundkey_data_reg_reg_39_/QN,2,328.674194
addroundkey_data_reg_reg_38_,DFFASRHQNx1_bottom,addroundkey_data_reg_reg_38_/QN,2,311.364838
addroundkey_data_reg_reg_37_,DFFASRHQNx1_bottom,addroundkey_data_reg_reg_37_/QN,2,379.781952
addroundkey_data_reg_reg_36_,DFFASRHQNx1_bottom,addroundkey_data_reg_reg_36_/QN,2,341.882629
addroundkey_data_reg_reg_35_,DFFASRHQNx1_upper,addroundkey_data_reg_reg_35_/QN,2,286.736084
addroundkey_data_reg_reg_34_,DFFASRHQNx1_upper,addroundkey_data_reg_reg_34_/QN,2,292.843201
addroundkey_data_reg_reg_33_,DFFASRHQNx1_upper,addroundkey_data_reg_reg_33_/QN,2,317.345551
addroundkey_data_reg_reg_32_,DFFASRHQNx1_bottom,addroundkey_data_reg_reg_32_/QN,2,372.492310
addroundkey_data_reg_reg_31_,DFFASRHQNx1_bottom,addroundkey_data_reg_reg_31_/QN,2,284.323914
addroundkey_data_reg_reg_30_,DFFASRHQNx1_bottom,addroundkey_data_reg_reg_30_/QN,2,301.288330
addroundkey_data_reg_reg_2_,DFFASRHQNx1_upper,addroundkey_data_reg_reg_2_/QN,2,285.586395
addroundkey_data_reg_reg_29_,DFFASRHQNx1_bottom,addroundkey_data_reg_reg_29_/QN,2,372.048248
addroundkey_data_reg_reg_28_,DFFASRHQNx1_bottom,addroundkey_data_reg_reg_28_/QN,2,333.746124
addroundkey_data_reg_reg_27_,DFFASRHQNx1_upper,addroundkey_data_reg_reg_27_/QN,2,269.476196
addroundkey_data_reg_reg_26_,DFFASRHQNx1_bottom,addroundkey_data_reg_reg_26_/QN,2,291.441315
addroundkey_data_reg_reg_25_,DFFASRHQNx1_bottom,addroundkey_data_reg_reg_25_/QN,2,309.867065
addroundkey_data_reg_reg_24_,DFFASRHQNx1_bottom,addroundkey_data_reg_reg_24_/QN,2,362.577728
addroundkey_data_reg_reg_23_,DFFASRHQNx1_bottom,addroundkey_data_reg_reg_23_/QN,2,326.449036
addroundkey_data_reg_reg_22_,DFFASRHQNx1_bottom,addroundkey_data_reg_reg_22_/QN,2,313.242920
addroundkey_data_reg_reg_21_,DFFASRHQNx1_bottom,addroundkey_data_reg_reg_21_/QN,2,376.222992
addroundkey_data_reg_reg_20_,DFFASRHQNx1_upper,addroundkey_data_reg_reg_20_/QN,2,323.734558
addroundkey_data_reg_reg_1_,DFFASRHQNx1_upper,addroundkey_data_reg_reg_1_/QN,2,302.356964
addroundkey_data_reg_reg_19_,DFFASRHQNx1_upper,addroundkey_data_reg_reg_19_/QN,2,284.822937
addroundkey_data_reg_reg_18_,DFFASRHQNx1_bottom,addroundkey_data_reg_reg_18_/QN,2,299.583557
addroundkey_data_reg_reg_17_,DFFASRHQNx1_upper,addroundkey_data_reg_reg_17_/QN,2,313.229004
addroundkey_data_reg_reg_16_,DFFASRHQNx1_bottom,addroundkey_data_reg_reg_16_/QN,2,376.637848
addroundkey_data_reg_reg_15_,DFFASRHQNx1_upper,addroundkey_data_reg_reg_15_/QN,2,304.190674
addroundkey_data_reg_reg_14_,DFFASRHQNx1_upper,addroundkey_data_reg_reg_14_/QN,2,292.200745
addroundkey_data_reg_reg_13_,DFFASRHQNx1_bottom,addroundkey_data_reg_reg_13_/QN,2,369.532684
addroundkey_data_reg_reg_12_,DFFASRHQNx1_bottom,addroundkey_data_reg_reg_12_/QN,2,329.808014
addroundkey_data_reg_reg_126_,DFFASRHQNx1_bottom,addroundkey_data_reg_reg_126_/QN,2,324.430511
addroundkey_data_reg_reg_125_,DFFASRHQNx1_bottom,addroundkey_data_reg_reg_125_/QN,2,370.200195
addroundkey_data_reg_reg_124_,DFFASRHQNx1_bottom,addroundkey_data_reg_reg_124_/QN,2,348.088837
addroundkey_data_reg_reg_123_,DFFASRHQNx1_bottom,addroundkey_data_reg_reg_123_/QN,2,305.829987
addroundkey_data_reg_reg_122_,DFFASRHQNx1_upper,addroundkey_data_reg_reg_122_/QN,2,274.580750
addroundkey_data_reg_reg_121_,DFFASRHQNx1_bottom,addroundkey_data_reg_reg_121_/QN,2,329.593414
addroundkey_data_reg_reg_120_,DFFASRHQNx1_upper,addroundkey_data_reg_reg_120_/QN,2,358.436218
addroundkey_data_reg_reg_11_,DFFASRHQNx1_bottom,addroundkey_data_reg_reg_11_/QN,2,287.094177
addroundkey_data_reg_reg_119_,DFFASRHQNx1_upper,addroundkey_data_reg_reg_119_/QN,2,306.780762
addroundkey_data_reg_reg_118_,DFFASRHQNx1_bottom,addroundkey_data_reg_reg_118_/QN,2,311.038208
addroundkey_data_reg_reg_117_,DFFASRHQNx1_upper,addroundkey_data_reg_reg_117_/QN,2,359.292847
addroundkey_data_reg_reg_116_,DFFASRHQNx1_bottom,addroundkey_data_reg_reg_116_/QN,2,334.177765
addroundkey_data_reg_reg_115_,DFFASRHQNx1_upper,addroundkey_data_reg_reg_115_/QN,2,282.271240
addroundkey_data_reg_reg_114_,DFFASRHQNx1_bottom,addroundkey_data_reg_reg_114_/QN,2,293.305756
addroundkey_data_reg_reg_113_,DFFASRHQNx1_bottom,addroundkey_data_reg_reg_113_/QN,2,338.367615
addroundkey_data_reg_reg_112_,DFFASRHQNx1_bottom,addroundkey_data_reg_reg_112_/QN,2,387.530212
addroundkey_data_reg_reg_111_,DFFASRHQNx1_bottom,addroundkey_data_reg_reg_111_/QN,2,346.768524
addroundkey_data_reg_reg_110_,DFFASRHQNx1_upper,addroundkey_data_reg_reg_110_/QN,2,330.728516
addroundkey_data_reg_reg_10_,DFFASRHQNx1_bottom,addroundkey_data_reg_reg_10_/QN,2,290.047485
addroundkey_data_reg_reg_109_,DFFASRHQNx1_bottom,addroundkey_data_reg_reg_109_/QN,2,403.780914
addroundkey_data_reg_reg_108_,DFFASRHQNx1_upper,addroundkey_data_reg_reg_108_/QN,2,350.555908
addroundkey_data_reg_reg_107_,DFFASRHQNx1_bottom,addroundkey_data_reg_reg_107_/QN,2,321.707672
addroundkey_data_reg_reg_106_,DFFASRHQNx1_bottom,addroundkey_data_reg_reg_106_/QN,2,318.790375
addroundkey_data_reg_reg_105_,DFFASRHQNx1_upper,addroundkey_data_reg_reg_105_/QN,2,326.835022
addroundkey_data_reg_reg_104_,DFFASRHQNx1_upper,addroundkey_data_reg_reg_104_/QN,2,385.214050
addroundkey_data_reg_reg_103_,DFFASRHQNx1_bottom,addroundkey_data_reg_reg_103_/QN,2,325.930786
addroundkey_data_reg_reg_102_,DFFASRHQNx1_bottom,addroundkey_data_reg_reg_102_/QN,2,317.782990
addroundkey_data_reg_reg_101_,DFFASRHQNx1_upper,addroundkey_data_reg_reg_101_/QN,2,374.730682
addroundkey_data_reg_reg_100_,DFFASRHQNx1_bottom,addroundkey_data_reg_reg_100_/QN,2,349.554840
addroundkey_data_reg_reg_0_,DFFASRHQNx1_upper,addroundkey_data_reg_reg_0_/QN,2,350.622589
U4,NAND2xp5_bottom,U4/Y,1,334.085938
U5,OAI22xp5_upper,U5/Y,1,-0.535794
U7,OAI22xp5_upper,U7/Y,1,39.273003
U9,OAI22xp5_upper,U9/Y,1,36.691845
U11,OAI22xp5_bottom,U11/Y,1,61.942730
U13,OAI22xp5_bottom,U13/Y,1,117.375862
U15,OAI22xp5_bottom,U15/Y,1,-14.914458
U17,OAI22xp5_upper,U17/Y,1,-18.634094
U19,OAI22xp5_upper,U19/Y,1,44.770077
U21,OAI22xp5_upper,U21/Y,1,6.159906
U23,OAI22xp5_upper,U23/Y,1,-34.700798
U25,OAI22xp5_upper,U25/Y,1,-40.262154
U27,OAI22xp5_upper,U27/Y,1,46.817829
U29,OAI22xp5_bottom,U29/Y,1,-9.645118
U31,OAI22xp5_upper,U31/Y,1,39.292957
U33,OAI22xp5_upper,U33/Y,1,106.292366
U35,OAI22xp5_upper,U35/Y,1,145.453018
U37,OAI22xp5_upper,U37/Y,1,205.773560
U39,OAI22xp5_bottom,U39/Y,1,177.473206
U41,OAI22xp5_upper,U41/Y,1,76.207542
U43,OAI22xp5_upper,U43/Y,1,130.213593
U45,OAI22xp5_bottom,U45/Y,1,60.647015
U47,OAI22xp5_upper,U47/Y,1,113.747681
U49,OAI22xp5_bottom,U49/Y,1,66.116470
U51,OAI22xp5_bottom,U51/Y,1,57.499645
U53,OAI22xp5_bottom,U53/Y,1,56.796040
U55,OAI22xp5_bottom,U55/Y,1,115.386536
U57,OAI22xp5_upper,U57/Y,1,76.315399
U59,OAI22xp5_upper,U59/Y,1,33.022556
U61,OAI22xp5_bottom,U61/Y,1,30.958374
U63,OAI22xp5_bottom,U63/Y,1,-1.704914
U65,OAI22xp5_upper,U65/Y,1,49.733219
U67,OAI22xp5_upper,U67/Y,1,61.113419
U69,OAI22xp5_bottom,U69/Y,1,107.141022
U71,OAI22xp5_bottom,U71/Y,1,96.086555
U73,OAI22xp5_upper,U73/Y,1,161.849472
U75,OAI22xp5_upper,U75/Y,1,127.633377
U77,OAI22xp5_bottom,U77/Y,1,37.701733
U79,OAI22xp5_upper,U79/Y,1,38.416271
U81,OAI22xp5_upper,U81/Y,1,63.130585
U83,OAI22xp5_bottom,U83/Y,1,117.873070
U85,OAI22xp5_upper,U85/Y,1,-34.362846
U87,OAI22xp5_upper,U87/Y,1,-16.695368
U89,OAI22xp5_bottom,U89/Y,1,53.947456
U91,OAI22xp5_bottom,U91/Y,1,15.194790
U93,OAI22xp5_bottom,U93/Y,1,163.572632
U95,OAI22xp5_upper,U95/Y,1,-33.321625
U97,OAI22xp5_upper,U97/Y,1,-29.023951
U99,OAI22xp5_bottom,U99/Y,1,-3.424150
U101,OAI22xp5_bottom,U101/Y,1,50.239590
U103,OAI22xp5_upper,U103/Y,1,107.797913
U105,OAI22xp5_bottom,U105/Y,1,145.843704
U107,OAI22xp5_bottom,U107/Y,1,212.561890
U109,OAI22xp5_bottom,U109/Y,1,174.926407
U111,OAI22xp5_upper,U111/Y,1,117.207161
U113,OAI22xp5_bottom,U113/Y,1,130.416290
U115,OAI22xp5_bottom,U115/Y,1,125.381592
U117,OAI22xp5_upper,U117/Y,1,59.299095
U119,OAI22xp5_upper,U119/Y,1,105.707634
U121,OAI22xp5_upper,U121/Y,1,-14.593937
U123,OAI22xp5_bottom,U123/Y,1,55.657063
U125,OAI22xp5_upper,U125/Y,1,119.714073
U127,OAI22xp5_upper,U127/Y,1,25.426329
U129,OAI22xp5_upper,U129/Y,1,-17.554235
U131,OAI22xp5_upper,U131/Y,1,-10.648260
U133,OAI22xp5_upper,U133/Y,1,-7.176204
U135,OAI22xp5_upper,U135/Y,1,45.271065
U137,OAI22xp5_bottom,U137/Y,1,80.293297
U139,OAI22xp5_bottom,U139/Y,1,117.100883
U141,OAI22xp5_bottom,U141/Y,1,147.869766
U143,OAI22xp5_bottom,U143/Y,1,164.160629
U145,OAI22xp5_bottom,U145/Y,1,124.625114
U147,OAI22xp5_upper,U147/Y,1,80.620735
U149,OAI22xp5_upper,U149/Y,1,86.264023
U151,OAI22xp5_upper,U151/Y,1,63.138882
U153,OAI22xp5_bottom,U153/Y,1,108.571846
U155,OAI22xp5_bottom,U155/Y,1,-26.372404
U157,OAI22xp5_bottom,U157/Y,1,-15.114244
U159,OAI22xp5_upper,U159/Y,1,86.910393
U161,OAI22xp5_bottom,U161/Y,1,56.824879
U163,OAI22xp5_bottom,U163/Y,1,20.068836
U165,OAI22xp5_upper,U165/Y,1,-31.778690
U167,OAI22xp5_bottom,U167/Y,1,-17.713331
U169,OAI22xp5_bottom,U169/Y,1,-2.868261
U171,OAI22xp5_bottom,U171/Y,1,54.868389
U173,OAI22xp5_bottom,U173/Y,1,118.302757
U175,OAI22xp5_bottom,U175/Y,1,148.785370
U177,OAI22xp5_bottom,U177/Y,1,214.870071
U179,OAI22xp5_upper,U179/Y,1,168.251434
U181,OAI22xp5_upper,U181/Y,1,59.438148
U183,OAI22xp5_upper,U183/Y,1,80.181000
U185,OAI22xp5_bottom,U185/Y,1,85.141891
U187,OAI22xp5_upper,U187/Y,1,62.748001
U189,OAI22xp5_bottom,U189/Y,1,113.891289
U191,OAI22xp5_upper,U191/Y,1,60.859318
U193,OAI22xp5_upper,U193/Y,1,-5.100031
U195,OAI22xp5_bottom,U195/Y,1,59.968697
U197,OAI22xp5_bottom,U197/Y,1,21.351477
U199,OAI22xp5_upper,U199/Y,2,-23.809954
U201,OAI22xp5_bottom,U201/Y,2,-11.110168
U203,OAI22xp5_bottom,U203/Y,2,47.163219
U205,OAI22xp5_bottom,U205/Y,2,7.037870
U207,OAI22xp5_bottom,U207/Y,2,-35.610180
U209,OAI22xp5_upper,U209/Y,2,-54.296902
U211,OAI22xp5_bottom,U211/Y,2,-14.382329
U213,OAI22xp5_upper,U213/Y,2,27.638447
U215,OAI22xp5_bottom,U215/Y,1,-20.396435
U217,OAI22xp5_upper,U217/Y,1,101.281265
U219,OAI22xp5_bottom,U219/Y,1,148.545227
U221,OAI22xp5_bottom,U221/Y,1,208.209946
U223,OAI22xp5_bottom,U223/Y,1,171.018784
U225,OAI22xp5_upper,U225/Y,1,124.975113
U227,OAI22xp5_bottom,U227/Y,1,127.045929
U229,OAI22xp5_bottom,U229/Y,1,64.422409
U231,OAI22xp5_bottom,U231/Y,1,113.838608
U233,OAI22xp5_bottom,U233/Y,1,62.820858
U235,OAI22xp5_upper,U235/Y,1,57.200993
U237,OAI22xp5_bottom,U237/Y,1,-16.821989
U239,OAI22xp5_bottom,U239/Y,1,120.294304
U241,OAI22xp5_upper,U241/Y,1,78.052094
U243,OAI22xp5_bottom,U243/Y,1,37.464088
U245,OAI22xp5_bottom,U245/Y,1,34.397430
U247,OAI22xp5_upper,U247/Y,1,52.639198
U249,OAI22xp5_bottom,U249/Y,1,110.382874
U251,OAI22xp5_bottom,U251/Y,1,62.732929
U253,OAI22xp5_bottom,U253/Y,1,107.213158
U255,OAI22xp5_upper,U255/Y,1,115.731483
U257,OAI22xp5_bottom,U257/Y,1,81.869400
U259,OAI22xp5_upper,U259/Y,1,108.998756
U262,AO22x1_upper,U262/Y,3,-34.362846
U263,AO22x1_upper,U263/Y,3,-18.634094
U264,AO22x1_upper,U264/Y,3,44.770077
U265,AO22x1_upper,U265/Y,3,6.159906
U266,AO22x1_upper,U266/Y,2,-35.610180
U267,AO22x1_upper,U267/Y,2,-54.296902
U268,AO22x1_upper,U268/Y,1,-14.382329
U269,AO22x1_upper,U269/Y,3,27.638447
U271,AOI21xp5_upper,U271/Y,1,442.046997
U272,OAI22xp5_bottom,U272/Y,1,442.046997
U273,XOR2xp5_bottom,U273/Y,1,443.410919
U274,XOR2xp5_bottom,U274/Y,1,442.046906
U275,OA21x2_upper,U275/Y,2,442.046906
U276,AOI22xp5_upper,U276/Y,1,509.095001
U277,AOI21xp5_bottom,U277/Y,1,468.017029
U278,OAI22xp5_bottom,U278/Y,1,468.017059
U279,XOR2xp5_bottom,U279/Y,1,468.434235
U280,XOR2xp5_bottom,U280/Y,1,468.017059
U281,OA21x2_bottom,U281/Y,2,468.017029
U282,AOI22xp5_bottom,U282/Y,1,468.017029
U283,AOI21xp5_upper,U283/Y,1,452.449646
U284,OAI22xp5_bottom,U284/Y,1,452.449646
U285,XOR2xp5_bottom,U285/Y,1,453.686035
U286,XOR2xp5_bottom,U286/Y,1,452.449677
U287,OA21x2_upper,U287/Y,2,452.449738
U288,AOI22xp5_upper,U288/Y,1,452.449738
U289,AOI21xp5_bottom,U289/Y,1,467.086761
U290,OAI22xp5_bottom,U290/Y,1,467.086639
U291,XOR2xp5_bottom,U291/Y,1,468.211182
U292,XOR2xp5_bottom,U292/Y,1,467.086700
U293,OA21x2_bottom,U293/Y,2,467.086761
U294,AOI22xp5_bottom,U294/Y,1,467.086761
U295,AOI21xp5_bottom,U295/Y,1,457.212158
U296,OAI22xp5_bottom,U296/Y,1,457.212158
U297,XOR2xp5_bottom,U297/Y,1,457.741302
U298,XOR2xp5_bottom,U298/Y,1,457.212158
U299,OA21x2_bottom,U299/Y,2,457.212158
U300,AOI22xp5_bottom,U300/Y,1,457.212158
U301,AOI21xp5_upper,U301/Y,1,417.600403
U302,OAI22xp5_upper,U302/Y,1,417.600464
U303,XOR2xp5_upper,U303/Y,1,417.600342
U304,XOR2xp5_upper,U304/Y,1,420.082581
U305,OA21x2_bottom,U305/Y,2,417.600342
U306,AOI22xp5_bottom,U306/Y,1,417.600342
U307,AOI21xp5_upper,U307/Y,1,417.475708
U308,OAI22xp5_bottom,U308/Y,1,417.475708
U309,XOR2xp5_bottom,U309/Y,1,418.110870
U310,XOR2xp5_bottom,U310/Y,1,417.475677
U311,OA21x2_upper,U311/Y,2,417.475616
U312,AOI22xp5_upper,U312/Y,1,417.475616
U313,AOI21xp5_bottom,U313/Y,1,420.764038
U314,OAI22xp5_bottom,U314/Y,1,420.763916
U315,XOR2xp5_bottom,U315/Y,1,433.932129
U316,XOR2xp5_bottom,U316/Y,1,420.763916
U317,OA21x2_bottom,U317/Y,2,420.763916
U318,AOI22xp5_bottom,U318/Y,1,420.763916
U319,AOI21xp5_bottom,U319/Y,1,419.114899
U320,OAI22xp5_bottom,U320/Y,1,419.114868
U321,XOR2xp5_bottom,U321/Y,1,419.601074
U322,XOR2xp5_bottom,U322/Y,1,419.114868
U323,OA21x2_bottom,U323/Y,2,419.114868
U324,AOI22xp5_bottom,U324/Y,1,419.114868
U325,AOI21xp5_upper,U325/Y,1,418.034210
U326,OAI22xp5_upper,U326/Y,1,418.034271
U327,XOR2xp5_upper,U327/Y,1,418.034210
U328,XOR2xp5_upper,U328/Y,1,420.535828
U329,OA21x2_upper,U329/Y,2,418.034210
U330,AOI22xp5_upper,U330/Y,1,418.034210
U331,AOI21xp5_bottom,U331/Y,1,436.445038
U332,OAI22xp5_bottom,U332/Y,1,436.445099
U333,XOR2xp5_bottom,U333/Y,1,438.673431
U334,XOR2xp5_bottom,U334/Y,1,436.445099
U335,OA21x2_bottom,U335/Y,2,436.445221
U336,AOI22xp5_bottom,U336/Y,1,436.445221
U337,AOI21xp5_bottom,U337/Y,1,443.087006
U338,OAI22xp5_bottom,U338/Y,1,443.087006
U339,XOR2xp5_bottom,U339/Y,1,443.965088
U340,XOR2xp5_bottom,U340/Y,1,443.087067
U341,OA21x2_bottom,U341/Y,2,443.087006
U342,AOI22xp5_bottom,U342/Y,1,518.413452
U343,AOI21xp5_upper,U343/Y,1,419.230316
U344,OAI22xp5_upper,U344/Y,1,419.230255
U345,XOR2xp5_upper,U345/Y,1,419.230316
U346,XOR2xp5_upper,U346/Y,1,422.943634
U347,OA21x2_upper,U347/Y,2,419.230316
U348,AOI22xp5_upper,U348/Y,1,419.230316
U349,AOI21xp5_bottom,U349/Y,1,440.931854
U350,OAI22xp5_bottom,U350/Y,1,440.931854
U351,XOR2xp5_bottom,U351/Y,1,442.546936
U352,XOR2xp5_bottom,U352/Y,1,440.931946
U353,OA21x2_bottom,U353/Y,2,440.932007
U354,AOI22xp5_bottom,U354/Y,1,440.932007
U355,AOI21xp5_bottom,U355/Y,1,455.471985
U356,OAI22xp5_bottom,U356/Y,1,455.471985
U357,XOR2xp5_bottom,U357/Y,1,456.709778
U358,XOR2xp5_bottom,U358/Y,1,455.472046
U359,OA21x2_bottom,U359/Y,2,455.472046
U360,AOI22xp5_bottom,U360/Y,1,455.472046
U361,AOI21xp5_bottom,U361/Y,1,441.192932
U362,OAI22xp5_bottom,U362/Y,1,441.192871
U363,XOR2xp5_bottom,U363/Y,1,442.231018
U364,XOR2xp5_bottom,U364/Y,1,441.192871
U365,OA21x2_bottom,U365/Y,2,441.192963
U366,AOI22xp5_bottom,U366/Y,1,441.193024
U367,AOI21xp5_bottom,U367/Y,1,538.634644
U368,OAI22xp5_bottom,U368/Y,1,538.634583
U369,XOR2xp5_bottom,U369/Y,1,539.866699
U370,XOR2xp5_bottom,U370/Y,1,538.634583
U371,OA21x2_bottom,U371/Y,2,538.634583
U372,AOI22xp5_bottom,U372/Y,1,538.634583
U373,AOI21xp5_upper,U373/Y,1,516.136108
U374,OAI22xp5_upper,U374/Y,1,516.136108
U375,XOR2xp5_upper,U375/Y,1,516.136108
U376,XOR2xp5_upper,U376/Y,1,518.501892
U377,OA21x2_upper,U377/Y,2,516.136108
U378,AOI22xp5_upper,U378/Y,1,516.136169
U379,AOI21xp5_bottom,U379/Y,1,523.278442
U380,OAI22xp5_bottom,U380/Y,1,523.278320
U381,XOR2xp5_bottom,U381/Y,1,523.929565
U382,XOR2xp5_bottom,U382/Y,1,523.278320
U383,OA21x2_bottom,U383/Y,2,523.278320
U384,AOI22xp5_bottom,U384/Y,1,523.278259
U385,AOI21xp5_upper,U385/Y,1,533.463623
U386,OAI22xp5_upper,U386/Y,1,533.463623
U387,XOR2xp5_upper,U387/Y,1,533.463623
U388,XOR2xp5_upper,U388/Y,1,535.512756
U389,OA21x2_bottom,U389/Y,2,533.463745
U390,AOI22xp5_bottom,U390/Y,1,533.463745
U391,AOI21xp5_bottom,U391/Y,1,512.824341
U392,OAI22xp5_upper,U392/Y,1,512.824341
U393,XOR2xp5_upper,U393/Y,1,512.824341
U394,XOR2xp5_upper,U394/Y,1,514.207703
U395,OA21x2_bottom,U395/Y,2,512.824341
U396,AOI22xp5_bottom,U396/Y,1,512.824341
U397,AOI21xp5_upper,U397/Y,1,516.757080
U398,OAI22xp5_upper,U398/Y,1,516.757080
U399,XOR2xp5_upper,U399/Y,1,516.757202
U400,XOR2xp5_upper,U400/Y,1,520.127625
U401,OA21x2_upper,U401/Y,2,516.757141
U402,AOI22xp5_upper,U402/Y,1,516.757141
U403,AOI21xp5_bottom,U403/Y,1,441.404755
U404,OAI22xp5_bottom,U404/Y,1,441.404694
U405,XOR2xp5_bottom,U405/Y,1,442.484436
U406,XOR2xp5_bottom,U406/Y,1,441.404755
U407,OA21x2_bottom,U407/Y,2,441.404694
U408,AOI22xp5_bottom,U408/Y,1,516.293579
U409,AOI21xp5_upper,U409/Y,1,409.391022
U410,OAI22xp5_upper,U410/Y,1,409.391083
U411,XOR2xp5_upper,U411/Y,1,409.390961
U412,XOR2xp5_upper,U412/Y,1,411.218353
U413,OA21x2_upper,U413/Y,2,409.390961
U414,AOI22xp5_upper,U414/Y,1,409.390961
U415,AOI21xp5_bottom,U415/Y,1,427.809296
U416,OAI22xp5_bottom,U416/Y,1,427.809235
U417,XOR2xp5_bottom,U417/Y,1,429.057556
U418,XOR2xp5_bottom,U418/Y,1,427.809174
U419,OA21x2_bottom,U419/Y,2,427.809296
U420,AOI22xp5_bottom,U420/Y,1,427.809296
U421,AOI21xp5_upper,U421/Y,1,407.700653
U422,OAI22xp5_upper,U422/Y,1,407.700653
U423,XOR2xp5_upper,U423/Y,1,407.700653
U424,XOR2xp5_upper,U424/Y,1,409.419281
U425,OA21x2_upper,U425/Y,2,407.700653
U426,AOI22xp5_upper,U426/Y,1,407.700653
U427,AOI21xp5_bottom,U427/Y,1,417.170532
U428,OAI22xp5_bottom,U428/Y,1,417.170563
U429,XOR2xp5_bottom,U429/Y,1,431.550842
U430,XOR2xp5_bottom,U430/Y,1,417.170532
U431,OA21x2_bottom,U431/Y,2,417.170532
U432,AOI22xp5_bottom,U432/Y,1,417.170532
U433,AOI21xp5_bottom,U433/Y,1,398.672821
U434,OAI22xp5_upper,U434/Y,1,398.672882
U435,XOR2xp5_upper,U435/Y,1,398.672821
U436,XOR2xp5_upper,U436/Y,1,402.983765
U437,OA21x2_bottom,U437/Y,2,398.672821
U438,AOI22xp5_bottom,U438/Y,1,398.672821
U439,AOI21xp5_bottom,U439/Y,1,439.550385
U440,OAI22xp5_bottom,U440/Y,1,439.550385
U441,XOR2xp5_bottom,U441/Y,1,439.980560
U442,XOR2xp5_bottom,U442/Y,1,439.550385
U443,OA21x2_bottom,U443/Y,2,439.550293
U444,AOI22xp5_bottom,U444/Y,1,439.550232
U445,AOI21xp5_bottom,U445/Y,1,433.555573
U446,OAI22xp5_bottom,U446/Y,1,433.555573
U447,XOR2xp5_bottom,U447/Y,1,434.049408
U448,XOR2xp5_bottom,U448/Y,1,433.555573
U449,OA21x2_bottom,U449/Y,2,433.555511
U450,AOI22xp5_bottom,U450/Y,1,433.555511
U451,AOI21xp5_bottom,U451/Y,1,437.754547
U452,OAI22xp5_upper,U452/Y,1,437.754669
U453,XOR2xp5_upper,U453/Y,1,437.754608
U454,XOR2xp5_upper,U454/Y,1,438.230164
U455,OA21x2_bottom,U455/Y,2,437.754547
U456,AOI22xp5_bottom,U456/Y,1,510.892670
U457,AOI21xp5_bottom,U457/Y,1,443.204315
U458,OAI22xp5_bottom,U458/Y,1,443.204315
U459,XOR2xp5_bottom,U459/Y,1,443.995117
U460,XOR2xp5_bottom,U460/Y,1,443.204315
U461,OA21x2_bottom,U461/Y,2,443.204315
U462,AOI22xp5_bottom,U462/Y,1,517.953369
U463,AOI21xp5_upper,U463/Y,1,432.925018
U464,OAI22xp5_upper,U464/Y,1,432.925018
U465,XOR2xp5_upper,U465/Y,1,432.924988
U466,XOR2xp5_upper,U466/Y,1,434.744476
U467,OA21x2_upper,U467/Y,2,432.924866
U468,AOI22xp5_upper,U468/Y,1,502.892059
U469,AOI21xp5_upper,U469/Y,1,433.639557
U470,OAI22xp5_upper,U470/Y,1,433.639557
U471,XOR2xp5_upper,U471/Y,1,433.639557
U472,XOR2xp5_upper,U472/Y,1,436.371155
U473,OA21x2_upper,U473/Y,2,433.639465
U474,AOI22xp5_upper,U474/Y,1,503.741394
U475,AOI21xp5_bottom,U475/Y,1,495.309235
U476,OAI22xp5_upper,U476/Y,1,495.309235
U477,XOR2xp5_upper,U477/Y,1,495.309235
U478,XOR2xp5_upper,U478/Y,1,497.094696
U479,OA21x2_bottom,U479/Y,2,495.309235
U480,AOI22xp5_bottom,U480/Y,1,511.213409
U481,AOI21xp5_upper,U481/Y,1,486.920288
U482,OAI22xp5_upper,U482/Y,1,486.920349
U483,XOR2xp5_upper,U483/Y,1,486.920349
U484,XOR2xp5_upper,U484/Y,1,489.429596
U485,OA21x2_upper,U485/Y,2,486.920288
U486,AOI22xp5_upper,U486/Y,1,502.530121
U487,AOI21xp5_bottom,U487/Y,1,523.107361
U488,OAI22xp5_bottom,U488/Y,1,523.107361
U489,XOR2xp5_bottom,U489/Y,1,524.629211
U490,XOR2xp5_bottom,U490/Y,1,523.107300
U491,OA21x2_bottom,U491/Y,2,523.107300
U492,AOI22xp5_bottom,U492/Y,1,523.107361
U493,AOI21xp5_upper,U493/Y,1,472.084259
U494,OAI22xp5_upper,U494/Y,1,472.084320
U495,XOR2xp5_upper,U495/Y,1,472.084198
U496,XOR2xp5_upper,U496/Y,1,474.442780
U497,OA21x2_upper,U497/Y,2,472.084259
U498,AOI22xp5_upper,U498/Y,1,472.084259
U499,AOI21xp5_upper,U499/Y,1,443.199249
U500,OAI22xp5_bottom,U500/Y,1,443.199249
U501,XOR2xp5_bottom,U501/Y,1,444.132629
U502,XOR2xp5_bottom,U502/Y,1,443.199249
U503,OA21x2_upper,U503/Y,2,443.199188
U504,AOI22xp5_upper,U504/Y,1,510.058319
U505,AOI21xp5_upper,U505/Y,1,507.634094
U506,OAI22xp5_upper,U506/Y,1,507.634094
U507,XOR2xp5_upper,U507/Y,1,507.634094
U508,XOR2xp5_upper,U508/Y,1,509.924042
U509,OA21x2_upper,U509/Y,2,507.634033
U510,AOI22xp5_upper,U510/Y,1,507.634094
U511,AOI21xp5_bottom,U511/Y,1,513.290955
U512,OAI22xp5_upper,U512/Y,1,513.290955
U513,XOR2xp5_upper,U513/Y,1,513.290833
U514,XOR2xp5_upper,U514/Y,1,515.616638
U515,OA21x2_bottom,U515/Y,2,513.290894
U516,AOI22xp5_bottom,U516/Y,1,513.290833
U517,AOI21xp5_bottom,U517/Y,1,521.868286
U518,OAI22xp5_bottom,U518/Y,1,521.868347
U519,XOR2xp5_bottom,U519/Y,1,523.678894
U520,XOR2xp5_bottom,U520/Y,1,521.868286
U521,OA21x2_bottom,U521/Y,2,521.868286
U522,AOI22xp5_bottom,U522/Y,1,521.868347
U523,AOI21xp5_bottom,U523/Y,1,521.087830
U524,OAI22xp5_bottom,U524/Y,1,521.087830
U525,XOR2xp5_bottom,U525/Y,1,522.328247
U526,XOR2xp5_bottom,U526/Y,1,521.087830
U527,OA21x2_bottom,U527/Y,2,521.087830
U528,AOI22xp5_bottom,U528/Y,1,521.087830
U529,AOI21xp5_bottom,U529/Y,1,406.372223
U530,OAI22xp5_bottom,U530/Y,1,406.372223
U531,XOR2xp5_bottom,U531/Y,1,424.683777
U532,XOR2xp5_bottom,U532/Y,1,406.372314
U533,OA21x2_bottom,U533/Y,2,406.372314
U534,AOI22xp5_bottom,U534/Y,1,428.994232
U535,AOI21xp5_bottom,U535/Y,1,407.230927
U536,OAI22xp5_bottom,U536/Y,1,407.230988
U537,XOR2xp5_bottom,U537/Y,1,408.377563
U538,XOR2xp5_bottom,U538/Y,1,407.231079
U539,OA21x2_bottom,U539/Y,2,407.231079
U540,AOI22xp5_bottom,U540/Y,1,429.917603
U541,AOI21xp5_bottom,U541/Y,1,426.040497
U542,OAI22xp5_bottom,U542/Y,1,426.040436
U543,XOR2xp5_bottom,U543/Y,1,440.356415
U544,XOR2xp5_bottom,U544/Y,1,426.040588
U545,OA21x2_bottom,U545/Y,2,426.040649
U546,AOI22xp5_bottom,U546/Y,1,445.810272
U547,AOI21xp5_upper,U547/Y,1,425.536316
U548,OAI22xp5_upper,U548/Y,1,425.536224
U549,XOR2xp5_upper,U549/Y,1,425.536224
U550,XOR2xp5_upper,U550/Y,1,428.070465
U551,OA21x2_upper,U551/Y,2,425.536285
U552,AOI22xp5_upper,U552/Y,1,439.991058
U553,AOI21xp5_bottom,U553/Y,1,439.752747
U554,OAI22xp5_bottom,U554/Y,1,439.752625
U555,XOR2xp5_bottom,U555/Y,1,440.870728
U556,XOR2xp5_bottom,U556/Y,1,439.752747
U557,OA21x2_bottom,U557/Y,2,439.752777
U558,AOI22xp5_bottom,U558/Y,1,458.112213
U559,AOI21xp5_bottom,U559/Y,1,426.698303
U560,OAI22xp5_bottom,U560/Y,1,426.698242
U561,XOR2xp5_bottom,U561/Y,1,441.601105
U562,XOR2xp5_bottom,U562/Y,1,426.698303
U563,OA21x2_bottom,U563/Y,2,426.698303
U564,AOI22xp5_bottom,U564/Y,1,444.582428
U565,AOI21xp5_upper,U565/Y,1,397.465332
U566,OAI22xp5_upper,U566/Y,1,397.465332
U567,XOR2xp5_upper,U567/Y,1,397.465271
U568,XOR2xp5_upper,U568/Y,1,400.016846
U569,OA21x2_upper,U569/Y,2,397.465271
U570,AOI22xp5_upper,U570/Y,1,465.664734
U571,AOI21xp5_bottom,U571/Y,1,441.530365
U572,OAI22xp5_bottom,U572/Y,1,441.530304
U573,XOR2xp5_bottom,U573/Y,1,442.715424
U574,XOR2xp5_bottom,U574/Y,1,441.530304
U575,OA21x2_bottom,U575/Y,2,441.530273
U576,AOI22xp5_bottom,U576/Y,1,459.465363
U577,AOI21xp5_bottom,U577/Y,1,408.700012
U578,OAI22xp5_bottom,U578/Y,1,408.700073
U579,XOR2xp5_bottom,U579/Y,1,427.078827
U580,XOR2xp5_bottom,U580/Y,1,408.700195
U581,OA21x2_bottom,U581/Y,2,408.700256
U582,AOI22xp5_bottom,U582/Y,1,426.227234
U583,AOI21xp5_bottom,U583/Y,1,447.011993
U584,OAI22xp5_bottom,U584/Y,1,447.011993
U585,XOR2xp5_bottom,U585/Y,1,448.199249
U586,XOR2xp5_bottom,U586/Y,1,447.011993
U587,OA21x2_bottom,U587/Y,2,447.011932
U588,AOI22xp5_bottom,U588/Y,1,512.117249
U589,AOI21xp5_upper,U589/Y,1,433.413818
U590,OAI22xp5_upper,U590/Y,1,433.413818
U591,XOR2xp5_upper,U591/Y,1,433.413849
U592,XOR2xp5_upper,U592/Y,1,436.119324
U593,OA21x2_upper,U593/Y,2,433.413849
U594,AOI22xp5_upper,U594/Y,1,497.180084
U595,AOI21xp5_upper,U595/Y,1,437.587799
U596,OAI22xp5_upper,U596/Y,1,437.587799
U597,XOR2xp5_upper,U597/Y,1,437.587921
U598,XOR2xp5_upper,U598/Y,1,440.673004
U599,OA21x2_upper,U599/Y,2,437.587921
U600,AOI22xp5_upper,U600/Y,1,498.555267
U601,AOI21xp5_upper,U601/Y,1,420.570953
U602,OAI22xp5_upper,U602/Y,1,420.570953
U603,XOR2xp5_upper,U603/Y,1,434.287781
U604,XOR2xp5_upper,U604/Y,1,420.570953
U605,OA21x2_upper,U605/Y,2,420.570923
U606,AOI22xp5_upper,U606/Y,1,483.025940
U607,AOI21xp5_bottom,U607/Y,1,509.506104
U608,OAI22xp5_upper,U608/Y,1,509.506042
U609,XOR2xp5_upper,U609/Y,1,509.505981
U610,XOR2xp5_upper,U610/Y,1,511.062958
U611,OA21x2_bottom,U611/Y,2,509.505981
U612,AOI22xp5_bottom,U612/Y,1,509.506104
U613,AOI21xp5_bottom,U613/Y,1,517.286804
U614,OAI22xp5_bottom,U614/Y,1,517.286804
U615,XOR2xp5_bottom,U615/Y,1,517.856628
U616,XOR2xp5_bottom,U616/Y,1,517.286926
U617,OA21x2_bottom,U617/Y,2,517.286804
U618,AOI22xp5_bottom,U618/Y,1,517.286804
U619,AOI21xp5_bottom,U619/Y,1,517.168396
U620,OAI22xp5_bottom,U620/Y,1,517.168335
U621,XOR2xp5_bottom,U621/Y,1,517.739990
U622,XOR2xp5_bottom,U622/Y,1,517.168335
U623,OA21x2_bottom,U623/Y,2,517.168335
U624,AOI22xp5_bottom,U624/Y,1,517.168274
U625,AOI21xp5_bottom,U625/Y,1,438.344421
U626,OAI22xp5_upper,U626/Y,1,438.344360
U627,XOR2xp5_upper,U627/Y,1,438.344299
U628,XOR2xp5_upper,U628/Y,1,441.636078
U629,OA21x2_bottom,U629/Y,2,438.344360
U630,AOI22xp5_bottom,U630/Y,1,502.261230
U631,AOI21xp5_bottom,U631/Y,1,446.457764
U632,OAI22xp5_bottom,U632/Y,1,446.457825
U633,XOR2xp5_bottom,U633/Y,1,447.790070
U634,XOR2xp5_bottom,U634/Y,1,446.457825
U635,OA21x2_bottom,U635/Y,2,446.457886
U636,AOI22xp5_bottom,U636/Y,1,515.612183
U637,AOI21xp5_upper,U637/Y,1,416.585541
U638,OAI22xp5_upper,U638/Y,1,416.585663
U639,XOR2xp5_upper,U639/Y,1,416.585602
U640,XOR2xp5_upper,U640/Y,1,418.367828
U641,OA21x2_upper,U641/Y,2,416.585663
U642,AOI22xp5_upper,U642/Y,1,416.585663
U643,AOI21xp5_upper,U643/Y,1,436.705841
U644,OAI22xp5_upper,U644/Y,1,436.705780
U645,XOR2xp5_upper,U645/Y,1,436.705780
U646,XOR2xp5_upper,U646/Y,1,437.978668
U647,OA21x2_upper,U647/Y,2,436.705719
U648,AOI22xp5_upper,U648/Y,1,436.705719
U649,AOI21xp5_upper,U649/Y,1,442.355164
U650,OAI22xp5_upper,U650/Y,1,442.355164
U651,XOR2xp5_upper,U651/Y,1,442.355164
U652,XOR2xp5_upper,U652/Y,1,444.890503
U653,OA21x2_upper,U653/Y,2,442.355225
U654,AOI22xp5_upper,U654/Y,1,442.355225
U655,AOI21xp5_bottom,U655/Y,1,454.661133
U656,OAI22xp5_bottom,U656/Y,1,454.661133
U657,XOR2xp5_bottom,U657/Y,1,456.151672
U658,XOR2xp5_bottom,U658/Y,1,454.661194
U659,OA21x2_upper,U659/Y,2,454.661316
U660,AOI22xp5_upper,U660/Y,1,454.661316
U661,AOI21xp5_upper,U661/Y,1,444.399414
U662,OAI22xp5_upper,U662/Y,1,444.399475
U663,XOR2xp5_upper,U663/Y,1,444.399475
U664,XOR2xp5_upper,U664/Y,1,446.854675
U665,OA21x2_upper,U665/Y,2,444.399506
U666,AOI22xp5_upper,U666/Y,1,444.399506
U667,AOI21xp5_upper,U667/Y,1,442.986328
U668,OAI22xp5_upper,U668/Y,1,442.986267
U669,XOR2xp5_upper,U669/Y,1,442.986328
U670,XOR2xp5_upper,U670/Y,1,445.200439
U671,OA21x2_upper,U671/Y,2,442.986359
U672,AOI22xp5_upper,U672/Y,1,442.986359
U673,AOI21xp5_bottom,U673/Y,1,459.942322
U674,OAI22xp5_bottom,U674/Y,1,459.942352
U675,XOR2xp5_bottom,U675/Y,1,461.332184
U676,XOR2xp5_bottom,U676/Y,1,459.942352
U677,OA21x2_bottom,U677/Y,2,459.942413
U678,AOI22xp5_bottom,U678/Y,1,459.942352
U679,AOI21xp5_upper,U679/Y,1,447.403687
U680,OAI22xp5_upper,U680/Y,1,447.403625
U681,XOR2xp5_upper,U681/Y,1,447.403687
U682,XOR2xp5_upper,U682/Y,1,449.493896
U683,OA21x2_upper,U683/Y,2,447.403625
U684,AOI22xp5_upper,U684/Y,1,447.403625
U685,AOI21xp5_bottom,U685/Y,1,494.855164
U686,OAI22xp5_bottom,U686/Y,1,494.855164
U687,XOR2xp5_bottom,U687/Y,1,495.959900
U688,XOR2xp5_bottom,U688/Y,1,494.855164
U689,OA21x2_upper,U689/Y,2,494.855255
U690,AOI22xp5_upper,U690/Y,1,504.811707
U691,AOI21xp5_bottom,U691/Y,1,496.152222
U692,OAI22xp5_bottom,U692/Y,1,496.152191
U693,XOR2xp5_bottom,U693/Y,1,497.699341
U694,XOR2xp5_bottom,U694/Y,1,496.152191
U695,OA21x2_upper,U695/Y,2,496.152222
U696,AOI22xp5_upper,U696/Y,1,509.816742
U697,AOI21xp5_upper,U697/Y,1,440.597504
U698,OAI22xp5_upper,U698/Y,1,440.597504
U699,XOR2xp5_upper,U699/Y,1,440.597626
U700,XOR2xp5_upper,U700/Y,1,443.522156
U701,OA21x2_bottom,U701/Y,2,440.597626
U702,AOI22xp5_bottom,U702/Y,1,509.097870
U703,AOI21xp5_upper,U703/Y,1,512.332764
U704,OAI22xp5_upper,U704/Y,1,512.332764
U705,XOR2xp5_upper,U705/Y,1,512.332703
U706,XOR2xp5_upper,U706/Y,1,514.854248
U707,OA21x2_bottom,U707/Y,2,512.332642
U708,AOI22xp5_bottom,U708/Y,1,512.332764
U709,AOI21xp5_bottom,U709/Y,1,513.202454
U710,OAI22xp5_bottom,U710/Y,1,513.202454
U711,XOR2xp5_bottom,U711/Y,1,514.723755
U712,XOR2xp5_bottom,U712/Y,1,513.202515
U713,OA21x2_upper,U713/Y,2,513.202576
U714,AOI22xp5_upper,U714/Y,1,513.202576
U715,AOI21xp5_bottom,U715/Y,1,522.323792
U716,OAI22xp5_bottom,U716/Y,1,522.323730
U717,XOR2xp5_bottom,U717/Y,1,524.329590
U718,XOR2xp5_bottom,U718/Y,1,522.323730
U719,OA21x2_bottom,U719/Y,2,522.323730
U720,AOI22xp5_bottom,U720/Y,1,522.323730
U721,AOI21xp5_bottom,U721/Y,1,522.532349
U722,OAI22xp5_bottom,U722/Y,1,522.532349
U723,XOR2xp5_bottom,U723/Y,1,523.605164
U724,XOR2xp5_bottom,U724/Y,1,522.532471
U725,OA21x2_bottom,U725/Y,2,522.532471
U726,AOI22xp5_bottom,U726/Y,1,522.532471
U727,AOI21xp5_bottom,U727/Y,1,524.999329
U728,OAI22xp5_bottom,U728/Y,1,524.999329
U729,XOR2xp5_bottom,U729/Y,1,527.048828
U730,XOR2xp5_bottom,U730/Y,1,524.999268
U731,OA21x2_bottom,U731/Y,2,524.999268
U732,AOI22xp5_bottom,U732/Y,1,524.999207
U733,AOI21xp5_upper,U733/Y,1,503.692688
U734,OAI22xp5_upper,U734/Y,1,503.692749
U735,XOR2xp5_upper,U735/Y,1,503.692749
U736,XOR2xp5_upper,U736/Y,1,505.925140
U737,OA21x2_upper,U737/Y,2,503.692871
U738,AOI22xp5_upper,U738/Y,1,503.692871
U739,AOI21xp5_bottom,U739/Y,1,437.411713
U740,OAI22xp5_bottom,U740/Y,1,437.411774
U741,XOR2xp5_bottom,U741/Y,1,439.260742
U742,XOR2xp5_bottom,U742/Y,1,437.411774
U743,OA21x2_bottom,U743/Y,2,437.411713
U744,AOI22xp5_bottom,U744/Y,1,454.598846
U745,AOI21xp5_bottom,U745/Y,1,436.745544
U746,OAI22xp5_bottom,U746/Y,1,436.745422
U747,XOR2xp5_bottom,U747/Y,1,438.742828
U748,XOR2xp5_bottom,U748/Y,1,436.745422
U749,OA21x2_bottom,U749/Y,2,436.745483
U750,AOI22xp5_bottom,U750/Y,1,453.493896
U751,AOI21xp5_upper,U751/Y,1,423.889038
U752,OAI22xp5_upper,U752/Y,1,423.889099
U753,XOR2xp5_upper,U753/Y,1,423.889160
U754,XOR2xp5_upper,U754/Y,1,425.625427
U755,OA21x2_upper,U755/Y,2,423.889191
U756,AOI22xp5_upper,U756/Y,1,434.960571
U757,AOI21xp5_bottom,U757/Y,1,385.110321
U758,OAI22xp5_upper,U758/Y,1,385.110229
U759,XOR2xp5_upper,U759/Y,1,385.110229
U760,XOR2xp5_upper,U760/Y,1,386.870972
U761,OA21x2_upper,U761/Y,2,385.110229
U762,AOI22xp5_upper,U762/Y,1,396.184753
U763,AOI21xp5_bottom,U763/Y,1,450.220642
U764,OAI22xp5_bottom,U764/Y,1,450.220642
U765,XOR2xp5_bottom,U765/Y,1,451.033875
U766,XOR2xp5_bottom,U766/Y,1,450.220642
U767,OA21x2_bottom,U767/Y,2,450.220581
U768,AOI22xp5_bottom,U768/Y,1,518.064697
U769,AOI21xp5_bottom,U769/Y,1,423.462311
U770,OAI22xp5_bottom,U770/Y,1,423.462311
U771,XOR2xp5_bottom,U771/Y,1,424.202179
U772,XOR2xp5_bottom,U772/Y,1,423.462372
U773,OA21x2_bottom,U773/Y,2,423.462372
U774,AOI22xp5_bottom,U774/Y,1,438.456390
U775,AOI21xp5_bottom,U775/Y,1,430.894653
U776,OAI22xp5_upper,U776/Y,1,430.894592
U777,XOR2xp5_upper,U777/Y,1,430.894531
U778,XOR2xp5_upper,U778/Y,1,433.394257
U779,OA21x2_bottom,U779/Y,2,430.894531
U780,AOI22xp5_bottom,U780/Y,1,445.300018
U781,AOI21xp5_upper,U781/Y,1,426.241974
U782,OAI22xp5_upper,U782/Y,1,426.241943
U783,XOR2xp5_upper,U783/Y,1,426.241974
U784,XOR2xp5_upper,U784/Y,1,428.546265
U785,OA21x2_upper,U785/Y,2,426.241974
U786,AOI22xp5_upper,U786/Y,1,434.406860
U787,AOI21xp5_bottom,U787/Y,1,432.199005
U788,OAI22xp5_bottom,U788/Y,1,432.199066
U789,XOR2xp5_bottom,U789/Y,1,433.280121
U790,XOR2xp5_bottom,U790/Y,1,432.199066
U791,OA21x2_upper,U791/Y,2,432.199097
U792,AOI22xp5_upper,U792/Y,1,441.178314
U793,AOI21xp5_bottom,U793/Y,1,420.206207
U794,OAI22xp5_bottom,U794/Y,1,420.206207
U795,XOR2xp5_bottom,U795/Y,1,421.682068
U796,XOR2xp5_bottom,U796/Y,1,420.206207
U797,OA21x2_bottom,U797/Y,2,420.206207
U798,AOI22xp5_bottom,U798/Y,1,437.301758
U799,AOI21xp5_upper,U799/Y,1,440.181732
U800,OAI22xp5_upper,U800/Y,1,440.181732
U801,XOR2xp5_upper,U801/Y,1,440.181824
U802,XOR2xp5_upper,U802/Y,1,443.821655
U803,OA21x2_upper,U803/Y,2,440.181824
U804,AOI22xp5_upper,U804/Y,1,440.181824
U805,AOI21xp5_upper,U805/Y,1,503.401764
U806,OAI22xp5_upper,U806/Y,1,503.401764
U807,XOR2xp5_upper,U807/Y,1,503.401703
U808,XOR2xp5_upper,U808/Y,1,505.588531
U809,OA21x2_upper,U809/Y,2,503.401642
U810,AOI22xp5_upper,U810/Y,1,503.401703
U811,AOI21xp5_bottom,U811/Y,1,520.712402
U812,OAI22xp5_bottom,U812/Y,1,520.712341
U813,XOR2xp5_bottom,U813/Y,1,520.725342
U814,XOR2xp5_bottom,U814/Y,1,520.712280
U815,OA21x2_bottom,U815/Y,2,520.712280
U816,AOI22xp5_bottom,U816/Y,1,520.712280
U817,AOI21xp5_upper,U817/Y,1,503.283356
U818,OAI22xp5_upper,U818/Y,1,503.283478
U819,XOR2xp5_upper,U819/Y,1,503.283478
U820,XOR2xp5_upper,U820/Y,1,505.988312
U821,OA21x2_upper,U821/Y,2,503.283417
U822,AOI22xp5_upper,U822/Y,1,503.283417
U823,AOI21xp5_upper,U823/Y,1,500.107574
U824,OAI22xp5_upper,U824/Y,1,500.107513
U825,XOR2xp5_upper,U825/Y,1,500.107452
U826,XOR2xp5_upper,U826/Y,1,503.517334
U827,OA21x2_upper,U827/Y,2,500.107513
U828,AOI22xp5_upper,U828/Y,1,500.107574
U829,AOI21xp5_bottom,U829/Y,1,450.050568
U830,OAI22xp5_bottom,U830/Y,1,450.050598
U831,XOR2xp5_bottom,U831/Y,1,450.707916
U832,XOR2xp5_bottom,U832/Y,1,450.050598
U833,OA21x2_bottom,U833/Y,2,450.050598
U834,AOI22xp5_bottom,U834/Y,1,517.327820
U835,AOI21xp5_bottom,U835/Y,1,522.987305
U836,OAI22xp5_bottom,U836/Y,1,522.987183
U837,XOR2xp5_bottom,U837/Y,1,523.937866
U838,XOR2xp5_bottom,U838/Y,1,522.987305
U839,OA21x2_bottom,U839/Y,2,522.987305
U840,AOI22xp5_bottom,U840/Y,1,522.987305
U841,AOI21xp5_upper,U841/Y,1,495.912415
U842,OAI22xp5_upper,U842/Y,1,495.912415
U843,XOR2xp5_upper,U843/Y,1,495.912415
U844,XOR2xp5_upper,U844/Y,1,498.205994
U845,OA21x2_upper,U845/Y,2,495.912415
U846,AOI22xp5_upper,U846/Y,1,505.151764
U847,AOI21xp5_upper,U847/Y,1,403.724823
U848,OAI22xp5_upper,U848/Y,1,403.724792
U849,XOR2xp5_upper,U849/Y,1,417.994293
U850,XOR2xp5_upper,U850/Y,1,403.724731
U851,OA21x2_upper,U851/Y,2,403.724670
U852,AOI22xp5_upper,U852/Y,1,409.386749
U853,AOI21xp5_bottom,U853/Y,1,431.629608
U854,OAI22xp5_bottom,U854/Y,1,431.629578
U855,XOR2xp5_bottom,U855/Y,1,432.703918
U856,XOR2xp5_bottom,U856/Y,1,431.629517
U857,OA21x2_bottom,U857/Y,2,431.629578
U858,AOI22xp5_bottom,U858/Y,1,443.786133
U859,AOI21xp5_upper,U859/Y,1,428.365845
U860,OAI22xp5_upper,U860/Y,1,428.365906
U861,XOR2xp5_upper,U861/Y,1,428.365997
U862,XOR2xp5_upper,U862/Y,1,431.010773
U863,OA21x2_bottom,U863/Y,2,428.365967
U864,AOI22xp5_bottom,U864/Y,1,440.996063
U865,AOI21xp5_bottom,U865/Y,1,435.736664
U866,OAI22xp5_bottom,U866/Y,1,435.736603
U867,XOR2xp5_bottom,U867/Y,1,436.694122
U868,XOR2xp5_bottom,U868/Y,1,435.736725
U869,OA21x2_upper,U869/Y,2,435.736603
U870,AOI22xp5_upper,U870/Y,1,441.489227
U871,AOI21xp5_upper,U871/Y,1,422.423584
U872,OAI22xp5_upper,U872/Y,1,422.423584
U873,XOR2xp5_upper,U873/Y,1,422.423645
U874,XOR2xp5_upper,U874/Y,1,425.331116
U875,OA21x2_upper,U875/Y,2,422.423584
U876,AOI22xp5_upper,U876/Y,1,429.657715
U877,AOI21xp5_bottom,U877/Y,1,430.895752
U878,OAI22xp5_upper,U878/Y,1,430.895721
U879,XOR2xp5_upper,U879/Y,1,430.895721
U880,XOR2xp5_upper,U880/Y,1,434.168579
U881,OA21x2_bottom,U881/Y,2,430.895721
U882,AOI22xp5_bottom,U882/Y,1,443.508789
U883,AOI21xp5_upper,U883/Y,1,431.572601
U884,OAI22xp5_upper,U884/Y,1,431.572662
U885,XOR2xp5_upper,U885/Y,1,431.572571
U886,XOR2xp5_upper,U886/Y,1,433.299072
U887,OA21x2_bottom,U887/Y,2,431.572571
U888,AOI22xp5_bottom,U888/Y,1,443.978638
U889,AOI21xp5_bottom,U889/Y,1,441.801483
U890,OAI22xp5_bottom,U890/Y,1,441.801361
U891,XOR2xp5_bottom,U891/Y,1,443.408630
U892,XOR2xp5_bottom,U892/Y,1,441.801422
U893,OA21x2_bottom,U893/Y,2,441.801544
U894,AOI22xp5_bottom,U894/Y,1,454.986206
U895,AOI21xp5_bottom,U895/Y,1,447.236816
U896,OAI22xp5_bottom,U896/Y,1,447.236816
U897,XOR2xp5_bottom,U897/Y,1,447.589478
U898,XOR2xp5_bottom,U898/Y,1,447.236847
U899,OA21x2_bottom,U899/Y,2,447.236847
U900,AOI22xp5_bottom,U900/Y,1,518.246399
U901,AOI21xp5_upper,U901/Y,1,445.795013
U902,OAI22xp5_upper,U902/Y,1,445.795013
U903,XOR2xp5_upper,U903/Y,1,445.794891
U904,XOR2xp5_upper,U904/Y,1,448.859406
U905,OA21x2_upper,U905/Y,2,445.794952
U906,AOI22xp5_upper,U906/Y,1,445.794952
U907,AOI21xp5_bottom,U907/Y,1,450.004547
U908,OAI22xp5_upper,U908/Y,1,450.004547
U909,XOR2xp5_upper,U909/Y,1,450.004547
U910,XOR2xp5_upper,U910/Y,1,452.291595
U911,OA21x2_bottom,U911/Y,2,450.004547
U912,AOI22xp5_bottom,U912/Y,1,450.004547
U913,AOI21xp5_upper,U913/Y,1,508.216095
U914,OAI22xp5_upper,U914/Y,1,508.216095
U915,XOR2xp5_upper,U915/Y,1,508.216034
U916,XOR2xp5_upper,U916/Y,1,510.550262
U917,OA21x2_upper,U917/Y,2,508.216034
U918,AOI22xp5_upper,U918/Y,1,508.216034
U919,AOI21xp5_upper,U919/Y,1,511.435852
U920,OAI22xp5_upper,U920/Y,1,511.435852
U921,XOR2xp5_upper,U921/Y,1,525.008667
U922,XOR2xp5_upper,U922/Y,1,511.435883
U923,OA21x2_upper,U923/Y,2,511.435852
U924,AOI22xp5_upper,U924/Y,1,511.435852
U925,AOI21xp5_bottom,U925/Y,1,545.302368
U926,OAI22xp5_bottom,U926/Y,1,545.302490
U927,XOR2xp5_bottom,U927/Y,1,545.979065
U928,XOR2xp5_bottom,U928/Y,1,545.302368
U929,OA21x2_bottom,U929/Y,2,545.302368
U930,AOI22xp5_bottom,U930/Y,1,545.302429
U931,AOI21xp5_upper,U931/Y,1,529.398254
U932,OAI22xp5_upper,U932/Y,1,529.398132
U933,XOR2xp5_upper,U933/Y,1,529.398193
U934,XOR2xp5_upper,U934/Y,1,531.211914
U935,OA21x2_upper,U935/Y,2,529.398071
U936,AOI22xp5_upper,U936/Y,1,529.398071
U937,AOI21xp5_upper,U937/Y,1,529.614380
U938,OAI22xp5_upper,U938/Y,1,529.614380
U939,XOR2xp5_upper,U939/Y,1,529.614380
U940,XOR2xp5_upper,U940/Y,1,532.197266
U941,OA21x2_upper,U941/Y,2,529.614380
U942,AOI22xp5_upper,U942/Y,1,529.614380
U943,AOI21xp5_upper,U943/Y,1,499.408417
U944,OAI22xp5_upper,U944/Y,1,499.408417
U945,XOR2xp5_upper,U945/Y,1,499.408447
U946,XOR2xp5_upper,U946/Y,1,500.972168
U947,OA21x2_upper,U947/Y,2,499.408447
U948,AOI22xp5_upper,U948/Y,1,499.408447
U949,AOI21xp5_upper,U949/Y,1,430.128052
U950,OAI22xp5_bottom,U950/Y,1,430.128052
U951,XOR2xp5_bottom,U951/Y,1,431.671814
U952,XOR2xp5_bottom,U952/Y,1,430.127991
U953,OA21x2_upper,U953/Y,2,430.127991
U954,AOI22xp5_upper,U954/Y,1,430.127991
U955,AOI21xp5_bottom,U955/Y,1,432.016815
U956,OAI22xp5_upper,U956/Y,1,432.016815
U957,XOR2xp5_upper,U957/Y,1,432.016815
U958,XOR2xp5_upper,U958/Y,1,434.663086
U959,OA21x2_bottom,U959/Y,2,432.016754
U960,AOI22xp5_bottom,U960/Y,1,432.016754
U961,AOI21xp5_upper,U961/Y,1,427.460114
U962,OAI22xp5_upper,U962/Y,1,427.460114
U963,XOR2xp5_upper,U963/Y,1,427.460175
U964,XOR2xp5_upper,U964/Y,1,430.203278
U965,OA21x2_upper,U965/Y,2,427.460175
U966,AOI22xp5_upper,U966/Y,1,446.692200
U967,AOI21xp5_upper,U967/Y,1,418.449280
U968,OAI22xp5_upper,U968/Y,1,418.449219
U969,XOR2xp5_upper,U969/Y,1,418.449158
U970,XOR2xp5_upper,U970/Y,1,421.515259
U971,OA21x2_upper,U971/Y,2,418.449219
U972,AOI22xp5_upper,U972/Y,1,418.449219
U973,AOI21xp5_upper,U973/Y,1,395.941895
U974,OAI22xp5_upper,U974/Y,1,395.941895
U975,XOR2xp5_upper,U975/Y,1,395.941956
U976,XOR2xp5_upper,U976/Y,1,399.112976
U977,OA21x2_upper,U977/Y,2,395.941956
U978,AOI22xp5_upper,U978/Y,1,395.941956
U979,AOI21xp5_upper,U979/Y,1,412.941742
U980,OAI22xp5_upper,U980/Y,1,412.941681
U981,XOR2xp5_upper,U981/Y,1,412.941742
U982,XOR2xp5_upper,U982/Y,1,416.413300
U983,OA21x2_upper,U983/Y,2,412.941742
U984,AOI22xp5_upper,U984/Y,1,412.941681
U985,AOI21xp5_bottom,U985/Y,1,430.401489
U986,OAI22xp5_bottom,U986/Y,1,430.401398
U987,XOR2xp5_bottom,U987/Y,1,431.224060
U988,XOR2xp5_bottom,U988/Y,1,430.401428
U989,OA21x2_upper,U989/Y,2,430.401489
U990,AOI22xp5_upper,U990/Y,1,430.401489
U991,AOI21xp5_upper,U991/Y,1,401.748901
U992,OAI22xp5_upper,U992/Y,1,401.748901
U993,XOR2xp5_upper,U993/Y,1,401.748962
U994,XOR2xp5_upper,U994/Y,1,405.540771
U995,OA21x2_upper,U995/Y,2,401.748962
U996,AOI22xp5_upper,U996/Y,1,401.748962
U997,AOI21xp5_bottom,U997/Y,1,439.231049
U998,OAI22xp5_bottom,U998/Y,1,439.231110
U999,XOR2xp5_bottom,U999/Y,1,439.985321
U1000,XOR2xp5_bottom,U1000/Y,1,439.231140
U1001,OA21x2_bottom,U1001/Y,2,439.231201
U1002,AOI22xp5_bottom,U1002/Y,1,439.231201
U1003,AOI21xp5_bottom,U1003/Y,1,450.409210
U1004,OAI22xp5_bottom,U1004/Y,1,450.409210
U1005,XOR2xp5_bottom,U1005/Y,1,451.028931
U1006,XOR2xp5_bottom,U1006/Y,1,450.409332
U1007,OA21x2_bottom,U1007/Y,2,450.409393
U1008,AOI22xp5_bottom,U1008/Y,1,450.409393
U1009,AOI21xp5_bottom,U1009/Y,1,448.347473
U1010,OAI22xp5_bottom,U1010/Y,1,448.347534
U1011,XOR2xp5_bottom,U1011/Y,1,449.886414
U1012,XOR2xp5_bottom,U1012/Y,1,448.347595
U1013,OA21x2_bottom,U1013/Y,2,448.347473
U1014,AOI22xp5_bottom,U1014/Y,1,448.347412
U1015,AOI21xp5_upper,U1015/Y,1,439.386353
U1016,OAI22xp5_upper,U1016/Y,1,439.386353
U1017,XOR2xp5_upper,U1017/Y,1,439.386475
U1018,XOR2xp5_upper,U1018/Y,1,442.260834
U1019,OA21x2_upper,U1019/Y,2,439.386475
U1020,AOI22xp5_upper,U1020/Y,1,439.386475
U1021,AOI21xp5_upper,U1021/Y,1,439.691833
U1022,OAI22xp5_upper,U1022/Y,1,439.691833
U1023,XOR2xp5_upper,U1023/Y,1,439.691742
U1024,XOR2xp5_upper,U1024/Y,1,442.008972
U1025,OA21x2_upper,U1025/Y,2,439.691742
U1026,AOI22xp5_upper,U1026/Y,1,439.691742
U1027,AOI21xp5_upper,U1027/Y,1,419.927704
U1028,OAI22xp5_upper,U1028/Y,1,419.927765
U1029,XOR2xp5_upper,U1029/Y,1,419.927765
U1030,XOR2xp5_upper,U1030/Y,1,422.218719
U1031,OA21x2_upper,U1031/Y,2,419.927643
U1032,AOI22xp5_upper,U1032/Y,1,442.075989
U1033,AOI22xp5_bottom,U1033/Y,1,714.560242
U1034,AOI22xp5_bottom,U1034/Y,1,713.985352
U1035,AOI22xp5_bottom,U1035/Y,1,715.231506
U1038,AOI211xp5_bottom,U1038/Y,1,698.719116
U1040,A2O1A1Ixp33_bottom,U1040/Y,1,704.590027
U1041,NAND3xp33_bottom,U1041/Y,1,704.590027
U1042,XOR2xp5_bottom,U1042/Y,2,792.442871
U1043,OAI21xp5_bottom,U1043/Y,1,691.360657
U1044,XOR2xp5_bottom,U1044/Y,1,691.360596
U1045,NAND2xp5_bottom,U1045/Y,1,691.360657
U1046,AOI311xp33_bottom,U1046/Y,1,712.707153
U1051,AOI221xp5_bottom,U1051/Y,1,777.403320
U1052,NAND2xp5_bottom,U1052/Y,1,796.071350
U1055,AOI21xp5_upper,U1055/Y,1,410.015076
U1056,OAI22xp5_upper,U1056/Y,1,410.015137
U1057,XOR2xp5_upper,U1057/Y,1,410.015137
U1058,NAND3xp33_bottom,U1058/Y,1,541.720337
U1059,XOR2xp5_upper,U1059/Y,1,413.964966
U1060,OA21x2_upper,U1060/Y,2,410.015137
U1061,AOI22xp5_upper,U1061/Y,1,410.015137
U1062,OAI22xp5_bottom,U1062/Y,1,417.638550
U1063,NOR2x1_bottom,U1063/Y,11,395.941986
U1064,AOI21xp5_bottom,U1064/Y,2,395.941986
U1065,AOI21xp5_bottom,U1065/Y,5,385.110168
U1066,A2O1A1Ixp33_bottom,U1066/Y,1,396.964172
U1069,NAND3xp33_bottom,U1069/Y,2,385.110138
U1070,OAI21xp5_bottom,U1070/Y,2,618.592529
U1071,AO32x1_bottom,U1071/Y,1,702.069153
U1073,AO221x1_bottom,U1073/Y,1,700.807983
U1074,AOI21xp5_bottom,U1074/Y,1,700.807983
U1075,NAND2xp5_bottom,U1075/Y,3,691.360657
U1078,XOR2xp5_bottom,U1078/Y,1,721.414917
U1079,NAND2xp5_bottom,U1079/Y,1,721.414917
U1080,NAND2xp5_bottom,U1080/Y,2,810.561584
U1081,NAND2xp5_bottom,U1081/Y,2,721.414856
U1082,NOR2x1_bottom,U1082/Y,2,195.358200
U1084,OAI21xp5_bottom,U1084/Y,1,717.818298
U1085,OAI21xp5_bottom,U1085/Y,1,717.818359
U1086,A2O1A1Ixp33_bottom,U1086/Y,1,717.818420
U1087,NAND2xp5_bottom,U1087/Y,7,385.110107
U1088,AOI22xp5_bottom,U1088/Y,1,784.243591
U1089,XOR2xp5_bottom,U1089/Y,1,793.285583
U1090,AND2x2_bottom,U1090/Y,3,793.285583
U1091,A2O1A1Ixp33_bottom,U1091/Y,1,796.038757
U1092,NAND2xp5_bottom,U1092/Y,2,510.664062
U1093,NAND2xp5_bottom,U1093/Y,6,510.664062
U1094,NAND2xp5_bottom,U1094/Y,4,517.155273
U1095,OAI21xp5_bottom,U1095/Y,5,700.807983
U1097,OA21x2_bottom,U1097/Y,4,195.358200
U1098,OR2x2_bottom,U1098/Y,6,814.068542
U1099,AOI21xp5_bottom,U1099/Y,1,757.783813
U1101,NAND5xp2_bottom,U1101/Y,2,600.232849
U1103,AND2x2_bottom,U1103/Y,2,200.711227
U1104,NAND2xp5_bottom,U1104/Y,2,200.711227
U1105,NAND5xp2_bottom,U1105/Y,1,246.911301
U1106,NAND2xp5_bottom,U1106/Y,2,195.358185
U1107,NAND2xp5_bottom,U1107/Y,1,240.052399
U1110,OAI22xp5_upper,U1110/Y,1,245.588943
U1113,OAI22xp5_upper,U1113/Y,1,275.037537
U1116,OAI22xp5_upper,U1116/Y,1,328.384674
U1119,OAI22xp5_bottom,U1119/Y,1,319.414001
U1122,OAI22xp5_bottom,U1122/Y,1,318.003723
U1125,OAI22xp5_bottom,U1125/Y,1,194.243683
U1128,OAI22xp5_upper,U1128/Y,1,213.847778
U1131,OAI22xp5_upper,U1131/Y,1,168.826843
U1134,OAI22xp5_upper,U1134/Y,1,201.434097
U1137,OAI22xp5_upper,U1137/Y,1,198.088043
U1140,OAI22xp5_upper,U1140/Y,1,233.506271
U1143,OAI22xp5_upper,U1143/Y,1,252.348251
U1146,OAI22xp5_bottom,U1146/Y,1,273.972015
U1149,OAI22xp5_upper,U1149/Y,1,262.316101
U1152,OAI22xp5_upper,U1152/Y,1,318.242340
U1155,OAI22xp5_upper,U1155/Y,1,354.432831
U1158,OAI22xp5_upper,U1158/Y,1,345.078339
U1161,OAI22xp5_bottom,U1161/Y,1,376.298645
U1164,OAI22xp5_upper,U1164/Y,1,366.598419
U1167,OAI22xp5_upper,U1167/Y,1,384.328522
U1170,OAI22xp5_bottom,U1170/Y,1,315.065033
U1173,OAI22xp5_upper,U1173/Y,1,336.787231
U1176,OAI22xp5_bottom,U1176/Y,1,320.862152
U1179,OAI22xp5_bottom,U1179/Y,1,300.616821
U1182,OAI22xp5_bottom,U1182/Y,1,253.504974
U1185,OAI22xp5_bottom,U1185/Y,1,242.245010
U1188,OAI22xp5_upper,U1188/Y,1,257.753784
U1191,OAI22xp5_upper,U1191/Y,1,296.330383
U1194,OAI22xp5_bottom,U1194/Y,1,306.047211
U1197,OAI22xp5_bottom,U1197/Y,1,253.037308
U1200,OAI22xp5_upper,U1200/Y,1,249.976151
U1203,OAI22xp5_upper,U1203/Y,1,331.466064
U1206,OAI22xp5_bottom,U1206/Y,1,374.764618
U1209,OAI22xp5_bottom,U1209/Y,1,321.193390
U1212,OAI22xp5_upper,U1212/Y,1,325.442841
U1215,OAI22xp5_upper,U1215/Y,1,373.401672
U1218,OAI22xp5_bottom,U1218/Y,1,322.905090
U1221,OAI22xp5_upper,U1221/Y,1,322.528809
U1224,OAI22xp5_upper,U1224/Y,1,317.414948
U1227,OAI22xp5_bottom,U1227/Y,1,314.658447
U1230,OAI22xp5_upper,U1230/Y,1,187.182266
U1233,OAI22xp5_upper,U1233/Y,1,208.612518
U1236,OAI22xp5_bottom,U1236/Y,1,165.412964
U1239,OAI22xp5_bottom,U1239/Y,1,199.204819
U1242,OAI22xp5_bottom,U1242/Y,1,314.818451
U1245,OAI22xp5_upper,U1245/Y,1,198.341125
U1248,OAI22xp5_upper,U1248/Y,1,235.232605
U1251,OAI22xp5_bottom,U1251/Y,1,275.585663
U1254,OAI22xp5_bottom,U1254/Y,1,263.165375
U1257,OAI22xp5_upper,U1257/Y,1,314.348877
U1260,OAI22xp5_bottom,U1260/Y,1,349.020721
U1263,OAI22xp5_bottom,U1263/Y,1,339.618286
U1266,OAI22xp5_bottom,U1266/Y,1,371.068390
U1269,OAI22xp5_upper,U1269/Y,1,358.748047
U1272,OAI22xp5_bottom,U1272/Y,1,376.930115
U1275,OAI22xp5_bottom,U1275/Y,1,321.955383
U1278,OAI22xp5_upper,U1278/Y,1,305.644531
U1281,OAI22xp5_upper,U1281/Y,1,330.012360
U1284,OAI22xp5_upper,U1284/Y,1,234.555374
U1287,OAI22xp5_bottom,U1287/Y,1,250.231705
U1290,OAI22xp5_upper,U1290/Y,1,183.343170
U1293,OAI22xp5_upper,U1293/Y,1,199.060486
U1296,OAI22xp5_upper,U1296/Y,1,244.194717
U1299,OAI22xp5_upper,U1299/Y,1,240.334473
U1302,OAI22xp5_upper,U1302/Y,1,239.539444
U1305,OAI22xp5_upper,U1305/Y,1,250.995667
U1308,OAI22xp5_bottom,U1308/Y,1,314.422150
U1311,OAI22xp5_bottom,U1311/Y,1,320.267303
U1314,OAI22xp5_bottom,U1314/Y,1,373.206116
U1317,OAI22xp5_bottom,U1317/Y,1,314.440369
U1320,OAI22xp5_bottom,U1320/Y,1,323.714539
U1323,OAI22xp5_upper,U1323/Y,1,314.419312
U1326,OAI22xp5_upper,U1326/Y,1,319.824036
U1329,OAI22xp5_upper,U1329/Y,1,313.803955
U1332,OAI22xp5_bottom,U1332/Y,1,314.968842
U1335,OAI22xp5_bottom,U1335/Y,1,187.566071
U1338,OAI22xp5_bottom,U1338/Y,1,207.742828
U1341,OAI22xp5_upper,U1341/Y,1,321.178467
U1344,OAI22xp5_bottom,U1344/Y,1,163.946030
U1347,OAI22xp5_bottom,U1347/Y,1,198.524033
U1350,OAI22xp5_upper,U1350/Y,1,195.078064
U1353,OAI22xp5_bottom,U1353/Y,1,238.655594
U1356,OAI22xp5_bottom,U1356/Y,1,274.576141
U1359,OAI22xp5_bottom,U1359/Y,1,261.302582
U1362,OAI22xp5_bottom,U1362/Y,1,313.710480
U1365,OAI22xp5_bottom,U1365/Y,1,347.542908
U1368,OAI22xp5_bottom,U1368/Y,1,339.916504
U1371,OAI22xp5_upper,U1371/Y,1,368.687653
U1374,OAI22xp5_upper,U1374/Y,1,312.696014
U1377,OAI22xp5_upper,U1377/Y,1,357.277985
U1380,OAI22xp5_bottom,U1380/Y,1,376.319305
U1383,OAI22xp5_upper,U1383/Y,1,304.155975
U1386,OAI22xp5_bottom,U1386/Y,1,330.376465
U1389,OAI22xp5_upper,U1389/Y,1,231.420944
U1392,OAI22xp5_upper,U1392/Y,1,192.828094
U1395,OAI22xp5_bottom,U1395/Y,1,184.956558
U1398,OAI22xp5_bottom,U1398/Y,1,197.540482
U1401,OAI22xp5_upper,U1401/Y,1,195.573608
U1404,OAI22xp5_bottom,U1404/Y,1,215.516434
U1407,OAI22xp5_bottom,U1407/Y,1,171.993591
U1410,OAI22xp5_bottom,U1410/Y,1,203.795364
U1413,OAI22xp5_bottom,U1413/Y,1,199.408432
U1416,OAI22xp5_upper,U1416/Y,1,237.578796
U1419,OAI22xp5_bottom,U1419/Y,1,274.007599
U1422,OAI22xp5_upper,U1422/Y,1,262.769318
U1425,OAI22xp5_bottom,U1425/Y,1,243.233047
U1428,OAI22xp5_upper,U1428/Y,1,320.511902
U1431,OAI22xp5_bottom,U1431/Y,1,357.196960
U1434,OAI22xp5_bottom,U1434/Y,1,348.184021
U1437,OAI22xp5_bottom,U1437/Y,1,376.766327
U1440,OAI22xp5_upper,U1440/Y,1,366.910156
U1443,OAI22xp5_bottom,U1443/Y,1,385.114838
U1446,OAI22xp5_bottom,U1446/Y,1,315.455505
U1449,OAI22xp5_bottom,U1449/Y,1,336.724579
U1452,OAI22xp5_bottom,U1452/Y,1,300.201019
U1455,OAI22xp5_upper,U1455/Y,1,252.815765
U1458,OAI22xp5_bottom,U1458/Y,1,241.267120
U1461,OAI22xp5_bottom,U1461/Y,1,241.801605
U1464,OAI22xp5_upper,U1464/Y,1,257.786621
U1467,OAI22xp5_bottom,U1467/Y,1,297.013367
U1470,OAI22xp5_bottom,U1470/Y,1,304.505646
U1473,OAI22xp5_upper,U1473/Y,1,252.432404
U1476,OAI22xp5_bottom,U1476/Y,1,254.334229
U1479,OAI22xp5_bottom,U1479/Y,1,285.334778
U1482,OAI22xp5_bottom,U1482/Y,1,328.400574
U1485,OAI22xp5_upper,U1485/Y,1,325.129456
U1488,OAI22xp5_bottom,U1488/Y,1,327.227234
U1491,OAI22xp5_upper,U1491/Y,1,313.298370
U1493,AND2x4_bottom,U1493/Y,42,-54.296928
U1494,NAND2xp5_bottom,U1494/Y,2,-54.296944
U1495,NAND2xp5_bottom,U1495/Y,3,-46.853867
U1500,NAND2xp5_bottom,U1500/Y,2,103.411087
U1501,AO22x1_bottom,U1501/Y,2,440.831909
U1502,XNOR2xp5_bottom,U1502/Y,2,547.476501
U1503,OR2x2_bottom,U1503/Y,1,547.476501
U1504,AO22x1_bottom,U1504/Y,5,466.024445
U1505,XNOR2xp5_bottom,U1505/Y,2,577.871948
U1506,OAI22xp5_bottom,U1506/Y,3,414.511719
U1507,OAI21xp5_bottom,U1507/Y,2,552.788574
U1508,NAND2xp5_bottom,U1508/Y,3,547.476562
U1509,AO221x1_bottom,U1509/Y,3,430.149048
U1510,OAI22xp5_upper,U1510/Y,2,34.770241
U1513,OAI22xp5_bottom,U1513/Y,1,434.628998
U1516,OAI22xp5_upper,U1516/Y,1,436.142395
U1519,OAI22xp5_bottom,U1519/Y,1,392.177795
U1522,OAI22xp5_bottom,U1522/Y,1,403.614929
U1525,OAI22xp5_bottom,U1525/Y,1,425.418579
U1528,OAI22xp5_upper,U1528/Y,1,409.422150
U1531,OAI22xp5_bottom,U1531/Y,1,400.537323
U1534,OAI22xp5_upper,U1534/Y,1,413.167450
U1537,OAI22xp5_upper,U1537/Y,1,392.690613
U1540,OAI22xp5_upper,U1540/Y,1,400.769531
U1543,OAI22xp5_upper,U1543/Y,2,93.939690
U1546,OAI22xp5_upper,U1546/Y,1,388.005859
U1549,OAI22xp5_bottom,U1549/Y,1,396.531097
U1552,OAI22xp5_upper,U1552/Y,1,485.990295
U1555,OAI22xp5_upper,U1555/Y,1,530.494507
U1558,OAI22xp5_upper,U1558/Y,1,526.353210
U1561,OAI22xp5_upper,U1561/Y,1,533.804871
U1564,OAI22xp5_upper,U1564/Y,1,515.240540
U1567,OAI22xp5_upper,U1567/Y,1,532.403992
U1570,OAI22xp5_upper,U1570/Y,1,425.066589
U1573,OAI22xp5_upper,U1573/Y,1,483.135529
U1576,OAI22xp5_bottom,U1576/Y,2,93.847290
U1579,OAI22xp5_bottom,U1579/Y,1,422.664673
U1582,OAI22xp5_upper,U1582/Y,1,404.436768
U1585,OAI22xp5_upper,U1585/Y,1,413.026672
U1588,OAI22xp5_upper,U1588/Y,1,422.862305
U1591,OAI22xp5_bottom,U1591/Y,1,416.432434
U1594,OAI22xp5_upper,U1594/Y,1,406.361450
U1597,OAI22xp5_bottom,U1597/Y,1,418.494171
U1600,OAI22xp5_upper,U1600/Y,1,409.545441
U1603,OAI22xp5_upper,U1603/Y,1,469.705597
U1606,OAI22xp5_bottom,U1606/Y,1,469.027313
U1609,OAI22xp5_bottom,U1609/Y,2,93.293709
U1612,OAI22xp5_upper,U1612/Y,1,462.302734
U1615,OAI22xp5_upper,U1615/Y,1,472.575134
U1618,OAI22xp5_bottom,U1618/Y,1,477.032074
U1621,OAI22xp5_upper,U1621/Y,1,477.475159
U1624,OAI22xp5_upper,U1624/Y,1,424.725647
U1627,OAI22xp5_bottom,U1627/Y,1,440.473389
U1630,OAI22xp5_bottom,U1630/Y,1,466.663879
U1633,OAI22xp5_upper,U1633/Y,1,451.972504
U1636,OAI22xp5_upper,U1636/Y,1,446.636688
U1639,OAI22xp5_bottom,U1639/Y,1,467.343506
U1642,OAI22xp5_bottom,U1642/Y,2,152.666656
U1645,OAI22xp5_upper,U1645/Y,1,455.138580
U1648,OAI22xp5_upper,U1648/Y,1,450.380859
U1651,OAI22xp5_bottom,U1651/Y,1,453.955048
U1654,OAI22xp5_bottom,U1654/Y,1,457.008545
U1657,OAI22xp5_upper,U1657/Y,1,508.046173
U1660,OAI22xp5_bottom,U1660/Y,1,569.459900
U1663,OAI22xp5_bottom,U1663/Y,1,576.092834
U1666,OAI22xp5_bottom,U1666/Y,1,581.650330
U1669,OAI22xp5_bottom,U1669/Y,1,562.182373
U1672,OAI22xp5_upper,U1672/Y,1,571.496643
U1675,OAI22xp5_upper,U1675/Y,2,113.567986
U1678,OAI22xp5_bottom,U1678/Y,1,459.235657
U1681,OAI22xp5_bottom,U1681/Y,1,467.308472
U1684,OAI22xp5_upper,U1684/Y,1,457.488007
U1687,OAI22xp5_bottom,U1687/Y,1,455.193787
U1690,OAI22xp5_upper,U1690/Y,1,456.252533
U1693,OAI22xp5_upper,U1693/Y,1,458.690857
U1696,OAI22xp5_bottom,U1696/Y,1,457.827271
U1699,OAI22xp5_upper,U1699/Y,1,443.132202
U1702,OAI22xp5_upper,U1702/Y,1,447.456360
U1705,OAI22xp5_upper,U1705/Y,1,448.996460
U1708,OAI22xp5_bottom,U1708/Y,2,89.857925
U1711,OAI22xp5_upper,U1711/Y,1,509.305145
U1714,OAI22xp5_bottom,U1714/Y,1,511.852570
U1717,OAI22xp5_bottom,U1717/Y,1,509.961395
U1720,OAI22xp5_upper,U1720/Y,1,501.469360
U1723,OAI22xp5_upper,U1723/Y,1,508.943237
U1726,OAI22xp5_upper,U1726/Y,1,515.532959
U1729,OAI22xp5_upper,U1729/Y,1,458.576294
U1732,OAI22xp5_upper,U1732/Y,1,462.626770
U1735,OAI22xp5_bottom,U1735/Y,2,54.374615
U1738,OAI22xp5_bottom,U1738/Y,2,52.473526
U1741,OAI22xp5_upper,U1741/Y,2,85.508156
U1744,OAI22xp5_bottom,U1744/Y,2,110.155106
U1747,OAI22xp5_bottom,U1747/Y,2,74.227295
U1750,OAI22xp5_upper,U1750/Y,2,17.118029
U1753,OAI22xp5_bottom,U1753/Y,2,37.508106
U1756,OAI22xp5_bottom,U1756/Y,2,60.426052
U1759,OAI22xp5_bottom,U1759/Y,2,107.406860
U1762,OAI22xp5_bottom,U1762/Y,2,109.357826
U1765,OAI22xp5_bottom,U1765/Y,2,108.631546
U1768,OAI22xp5_upper,U1768/Y,2,154.272980
U1771,OAI22xp5_upper,U1771/Y,2,122.572067
U1774,OAI22xp5_bottom,U1774/Y,2,117.171494
U1777,OAI22xp5_upper,U1777/Y,2,93.362320
U1780,OAI22xp5_bottom,U1780/Y,2,100.952301
U1783,OAI22xp5_upper,U1783/Y,2,71.371628
U1786,OAI22xp5_upper,U1786/Y,2,127.556129
U1789,OAI22xp5_upper,U1789/Y,2,26.987246
U1792,OAI22xp5_upper,U1792/Y,2,25.830948
U1795,OAI22xp5_bottom,U1795/Y,2,93.098915
U1798,OAI22xp5_upper,U1798/Y,2,52.068794
U1801,OAI22xp5_upper,U1801/Y,1,359.236877
U1804,OAI22xp5_bottom,U1804/Y,1,367.708527
U1807,OAI22xp5_bottom,U1807/Y,1,335.893433
U1810,OAI22xp5_upper,U1810/Y,1,358.974030
U1813,OAI22xp5_bottom,U1813/Y,1,343.226990
U1816,OAI22xp5_upper,U1816/Y,1,325.896576
U1819,OAI22xp5_bottom,U1819/Y,1,354.346680
U1822,OAI22xp5_upper,U1822/Y,1,331.119507
U1825,OAI22xp5_bottom,U1825/Y,2,27.517544
U1828,OAI22xp5_upper,U1828/Y,1,454.124451
U1831,OAI22xp5_upper,U1831/Y,1,493.166168
U1834,OAI22xp5_upper,U1834/Y,1,494.069122
U1837,OAI22xp5_bottom,U1837/Y,1,507.114136
U1840,OAI22xp5_upper,U1840/Y,1,431.843781
U1843,OAI22xp5_bottom,U1843/Y,1,459.806580
U1846,OAI22xp5_bottom,U1846/Y,1,443.242493
U1849,OAI22xp5_bottom,U1849/Y,1,453.775269
U1852,OAI22xp5_bottom,U1852/Y,1,387.096466
U1855,OAI22xp5_upper,U1855/Y,1,375.843018
U1858,OAI22xp5_bottom,U1858/Y,2,33.234360
U1861,OAI22xp5_bottom,U1861/Y,1,383.927460
U1864,OAI22xp5_upper,U1864/Y,1,380.353699
U1867,OAI22xp5_bottom,U1867/Y,1,368.850739
U1870,OAI22xp5_bottom,U1870/Y,1,354.723358
U1873,OAI22xp5_bottom,U1873/Y,1,370.590332
U1876,OAI22xp5_upper,U1876/Y,1,369.781250
U1879,OAI22xp5_bottom,U1879/Y,1,436.008331
U1882,OAI22xp5_bottom,U1882/Y,1,429.859467
U1885,OAI22xp5_bottom,U1885/Y,1,428.844788
U1888,OAI22xp5_bottom,U1888/Y,1,439.471741
U1891,OAI22xp5_bottom,U1891/Y,2,176.723892
U1893,OA21x2_bottom,U1893/Y,14,25.814184
U1899,AND2x2_bottom,U1899/Y,18,17.118002
U1902,AOI21xp5_bottom,U1902/Y,3,17.118002
U1905,NAND2xp5_bottom,U1905/Y,3,60.902546
U1907,XOR2xp5_bottom,U1907/Y,2,62.622948
U1909,XOR2xp5_bottom,U1909/Y,2,62.167076
U1911,XOR2xp5_bottom,U1911/Y,2,60.902546
U1913,XOR2xp5_bottom,U1913/Y,2,61.884624
U1917,NOR2x1_bottom,U1917/Y,3,-46.853855
U1918,NAND3xp33_bottom,U1918/Y,3,-46.853855
sbox1/FE_OFC99_ah_2,BUFx2_bottom,sbox1/FE_OFC99_ah_2/Y,7,-54.296902
sbox1/ah_reg_reg_3_,DFFASRHQNx1_upper,sbox1/ah_reg_reg_3_/QN,4,298.398804
sbox1/ah_reg_reg_2_,DFFASRHQNx1_bottom,sbox1/ah_reg_reg_2_/QN,5,291.864777
sbox1/ah_reg_reg_1_,DFFASRHQNx1_upper,sbox1/ah_reg_reg_1_/QN,5,290.955322
sbox1/ah_reg_reg_0_,DFFASRHQNx1_upper,sbox1/ah_reg_reg_0_/QN,2,308.688629
sbox1/alph_reg_3_,DFFASRHQNx1_bottom,sbox1/alph_reg_3_/QN,4,367.794952
sbox1/alph_reg_2_,DFFASRHQNx1_upper,sbox1/alph_reg_2_/QN,4,364.552673
sbox1/alph_reg_1_,DFFASRHQNx1_upper,sbox1/alph_reg_1_/QN,4,371.574036
sbox1/alph_reg_0_,DFFASRHQNx1_bottom,sbox1/alph_reg_0_/QN,4,364.772644
sbox1/to_invert_reg_3_,DFFASRHQNx1_bottom,sbox1/to_invert_reg_3_/QN,6,150.709702
sbox1/to_invert_reg_2_,DFFASRHQNx1_upper,sbox1/to_invert_reg_2_/QN,4,163.750595
sbox1/to_invert_reg_1_,DFFASRHQNx1_bottom,sbox1/to_invert_reg_1_/QN,4,157.218369
sbox1/to_invert_reg_0_,DFFASRHQNx1_upper,sbox1/to_invert_reg_0_/QN,4,178.051270
sbox1/U46,XOR2xp5_bottom,sbox1/U46/Y,1,-45.521141
sbox1/U47,XNOR2xp5_bottom,sbox1/U47/Y,1,-45.521141
sbox1/U48,NAND2xp5_upper,sbox1/U48/Y,1,-27.120195
sbox1/U49,NAND2xp5_upper,sbox1/U49/Y,1,-45.521141
sbox1/U50,XNOR2xp5_bottom,sbox1/U50/Y,1,81.292747
sbox1/U51,NAND2xp5_upper,sbox1/U51/Y,1,87.951088
sbox1/U52,NAND2xp5_upper,sbox1/U52/Y,1,81.292862
sbox1/U53,XOR2xp5_upper,sbox1/U53/Y,1,52.785221
sbox1/U54,XNOR2xp5_bottom,sbox1/U54/Y,1,98.521248
sbox1/U56,XOR2xp5_upper,sbox1/U56/Y,1,-54.296791
sbox1/U57,XNOR2xp5_bottom,sbox1/U57/Y,1,-54.296791
sbox1/U58,NAND2xp5_bottom,sbox1/U58/Y,1,116.165077
sbox1/U59,NAND2xp5_upper,sbox1/U59/Y,1,-54.296791
sbox1/U60,XNOR2xp5_upper,sbox1/U60/Y,1,72.285400
sbox1/U61,NAND2xp5_bottom,sbox1/U61/Y,1,84.564522
sbox1/U62,NAND2xp5_upper,sbox1/U62/Y,1,72.285454
sbox1/U63,XOR2xp5_bottom,sbox1/U63/Y,1,71.418480
sbox1/U64,XOR2xp5_bottom,sbox1/U64/Y,1,71.418480
sbox1/U65,XNOR2xp5_upper,sbox1/U65/Y,1,181.063889
sbox1/U67,XOR2xp5_bottom,sbox1/U67/Y,1,121.155640
sbox1/U68,XOR2xp5_bottom,sbox1/U68/Y,1,121.155640
sbox1/U69,NAND2xp5_upper,sbox1/U69/Y,1,121.155586
sbox1/U70,XOR2xp5_upper,sbox1/U70/Y,1,145.051743
sbox1/U71,XOR2xp5_upper,sbox1/U71/Y,1,-34.868996
sbox1/U72,XOR2xp5_bottom,sbox1/U72/Y,1,-29.657610
sbox1/U73,NAND2xp5_bottom,sbox1/U73/Y,1,-29.657610
sbox1/U74,XNOR2xp5_upper,sbox1/U74/Y,3,-35.610180
sbox1/U75,NAND2xp5_upper,sbox1/U75/Y,1,67.750137
sbox1/U76,NAND2xp5_upper,sbox1/U76/Y,1,-34.868996
sbox1/U77,XNOR2xp5_bottom,sbox1/U77/Y,2,133.623337
sbox1/U79,XOR2xp5_bottom,sbox1/U79/Y,1,21.761370
sbox1/U80,XOR2xp5_upper,sbox1/U80/Y,1,21.761370
sbox1/U81,XNOR2xp5_upper,sbox1/U81/Y,2,24.859116
sbox1/U82,XNOR2xp5_upper,sbox1/U82/Y,2,24.859116
sbox1/U83,XOR2xp5_upper,sbox1/U83/Y,1,116.778252
sbox1/U84,NAND2xp5_upper,sbox1/U84/Y,1,116.778252
sbox1/U85,XOR2x2_bottom,sbox1/U85/Y,7,155.020935
sbox1/U86,XOR2xp5_bottom,sbox1/U86/Y,1,-39.681591
sbox1/U87,XOR2xp5_bottom,sbox1/U87/Y,1,-29.293234
sbox1/U88,NAND2xp5_upper,sbox1/U88/Y,1,5.153877
sbox1/U89,XNOR2xp5_upper,sbox1/U89/Y,4,-35.610126
sbox1/U90,OAI22xp5_upper,sbox1/U90/Y,1,-35.610126
sbox1/U91,XNOR2xp5_upper,sbox1/U91/Y,1,-18.131218
sbox1/U92,XNOR2xp5_bottom,sbox1/U92/Y,1,-35.610126
sbox1/U93,XNOR2xp5_bottom,sbox1/U93/Y,1,-35.610126
sbox1/U94,XNOR2xp5_bottom,sbox1/U94/Y,1,-39.681591
sbox1/U95,NAND2xp5_bottom,sbox1/U95/Y,1,-39.681591
sbox1/U96,NAND2xp5_upper,sbox1/U96/Y,1,86.713745
sbox1/U97,XNOR2x2_bottom,sbox1/U97/Y,6,110.723099
sbox1/U98,OAI22xp5_bottom,sbox1/U98/Y,1,186.868637
sbox1/U99,XNOR2xp5_upper,sbox1/U99/Y,1,186.868637
sbox1/U100,XNOR2xp5_bottom,sbox1/U100/Y,1,186.868637
sbox1/U101,OAI22xp5_bottom,sbox1/U101/Y,1,189.070145
sbox1/U102,XNOR2xp5_bottom,sbox1/U102/Y,1,189.070145
sbox1/U103,XNOR2xp5_upper,sbox1/U103/Y,1,189.070145
sbox1/U104,OAI22xp5_bottom,sbox1/U104/Y,1,194.888718
sbox1/U105,XOR2xp5_bottom,sbox1/U105/Y,1,194.888718
sbox1/U106,XNOR2xp5_bottom,sbox1/U106/Y,1,194.888718
sbox1/U107,OAI22xp5_bottom,sbox1/U107/Y,1,211.292267
sbox1/U108,XNOR2xp5_upper,sbox1/U108/Y,1,211.292267
sbox1/U109,XNOR2xp5_upper,sbox1/U109/Y,1,211.292267
sbox1/U110,OAI22xp5_upper,sbox1/U110/Y,1,199.620438
sbox1/U111,XNOR2xp5_upper,sbox1/U111/Y,1,199.620438
sbox1/U112,XNOR2xp5_bottom,sbox1/U112/Y,1,199.620438
sbox1/U113,XOR2xp5_bottom,sbox1/U113/Y,2,199.620438
sbox1/U114,XOR2xp5_bottom,sbox1/U114/Y,3,199.620438
sbox1/U115,XOR2xp5_upper,sbox1/U115/Y,1,290.671448
sbox1/U116,XNOR2xp5_bottom,sbox1/U116/Y,1,290.671509
sbox1/U117,NAND2xp5_upper,sbox1/U117/Y,1,290.671448
sbox1/U118,NAND2xp5_bottom,sbox1/U118/Y,1,313.630646
sbox1/U119,NAND2xp5_bottom,sbox1/U119/Y,1,359.999573
sbox1/U120,XOR2xp5_bottom,sbox1/U120/Y,1,199.620438
sbox1/U121,XOR2xp5_bottom,sbox1/U121/Y,1,228.607300
sbox1/U122,NAND2xp5_bottom,sbox1/U122/Y,1,316.939972
sbox1/U123,OAI22xp5_upper,sbox1/U123/Y,1,170.392639
sbox1/U124,XNOR2xp5_upper,sbox1/U124/Y,1,170.392639
sbox1/U125,XNOR2xp5_bottom,sbox1/U125/Y,1,170.392639
sbox1/U126,OAI22xp5_upper,sbox1/U126/Y,1,150.709717
sbox1/U127,XOR2xp5_bottom,sbox1/U127/Y,1,150.709717
sbox1/U128,XNOR2xp5_upper,sbox1/U128/Y,1,150.709717
sbox1/U129,XOR2xp5_upper,sbox1/U129/Y,4,242.452164
sbox1/U130,XNOR2xp5_bottom,sbox1/U130/Y,3,242.452194
sbox1/U131,OAI22xp5_bottom,sbox1/U131/Y,1,156.304962
sbox1/U132,XNOR2xp5_upper,sbox1/U132/Y,1,156.304962
sbox1/U133,XNOR2xp5_upper,sbox1/U133/Y,1,156.304962
sbox1/U134,XOR2xp5_upper,sbox1/U134/Y,4,150.709717
sbox1/U135,XOR2xp5_upper,sbox1/U135/Y,2,150.709717
sbox1/U136,XOR2xp5_bottom,sbox1/U136/Y,3,211.712234
sbox1/U137,XNOR2xp5_upper,sbox1/U137/Y,1,211.712204
sbox1/U138,XNOR2xp5_bottom,sbox1/U138/Y,1,223.726257
sbox1/U139,XOR2xp5_upper,sbox1/U139/Y,4,161.663300
sbox1/U140,XOR2xp5_upper,sbox1/U140/Y,2,161.663300
sbox1/U141,XNOR2xp5_bottom,sbox1/U141/Y,2,244.030960
sbox1/U142,XOR2xp5_bottom,sbox1/U142/Y,1,244.030914
sbox1/U143,NAND2xp5_bottom,sbox1/U143/Y,1,244.030930
sbox1/U144,NAND2xp5_bottom,sbox1/U144/Y,1,285.576172
sbox1/U145,XNOR2xp5_bottom,sbox1/U145/Y,1,271.974762
sbox1/U146,NAND2xp5_upper,sbox1/U146/Y,1,296.962646
sbox1/U147,NAND2xp5_upper,sbox1/U147/Y,1,271.974823
sbox1/U148,XOR2xp5_bottom,sbox1/U148/Y,4,161.663300
sbox1/U149,XNOR2xp5_bottom,sbox1/U149/Y,2,187.080490
sbox1/U150,XNOR2xp5_bottom,sbox1/U150/Y,2,187.080490
sbox1/U151,XOR2xp5_upper,sbox1/U151/Y,1,187.080460
sbox1/U152,NAND2xp5_bottom,sbox1/U152/Y,1,187.080429
sbox1/U153,NAND2xp5_upper,sbox1/U153/Y,1,215.397873
sbox1/U154,XNOR2xp5_bottom,sbox1/U154/Y,1,193.741028
sbox1/U155,NAND2xp5_upper,sbox1/U155/Y,1,208.123383
sbox1/U156,XOR2xp5_bottom,sbox1/U156/Y,1,208.123383
sbox1/U157,NAND2xp5_upper,sbox1/U157/Y,1,193.741028
sbox1/U158,XNOR2xp5_bottom,sbox1/U158/Y,3,201.244629
sbox1/U159,XOR2xp5_bottom,sbox1/U159/Y,1,201.244598
sbox1/U160,NAND2xp5_upper,sbox1/U160/Y,1,201.244583
sbox1/U161,NAND2xp5_bottom,sbox1/U161/Y,1,226.314911
sbox1/U162,XNOR2xp5_upper,sbox1/U162/Y,1,208.654541
sbox1/U163,NAND2xp5_upper,sbox1/U163/Y,1,208.654572
sbox1/U164,NAND2xp5_bottom,sbox1/U164/Y,1,235.126175
sbox1/U165,XNOR2xp5_bottom,sbox1/U165/Y,4,150.709717
sbox1/U166,XNOR2xp5_bottom,sbox1/U166/Y,4,150.709702
sbox1/U167,XNOR2xp5_upper,sbox1/U167/Y,1,150.709717
sbox1/U168,NAND2xp5_bottom,sbox1/U168/Y,1,217.205399
sbox1/U169,XOR2xp5_bottom,sbox1/U169/Y,1,335.806122
sbox1/U170,XOR2xp5_upper,sbox1/U170/Y,1,180.508713
sbox1/U171,XOR2xp5_upper,sbox1/U171/Y,1,180.508698
sbox1/U172,NAND2xp5_bottom,sbox1/U172/Y,1,180.508713
sbox1/U173,NAND2xp5_bottom,sbox1/U173/Y,1,190.821808
sbox1/U174,XOR2xp5_upper,sbox1/U174/Y,3,299.993805
sbox1/U175,NAND2xp5_upper,sbox1/U175/Y,1,239.809921
sbox1/U176,XOR2xp5_bottom,sbox1/U176/Y,2,329.519531
sbox1/U177,XNOR2xp5_upper,sbox1/U177/Y,2,188.700333
sbox1/U178,XOR2xp5_upper,sbox1/U178/Y,1,188.700333
sbox1/U179,NAND2xp5_bottom,sbox1/U179/Y,1,210.218460
sbox1/U180,XOR2xp5_bottom,sbox1/U180/Y,2,193.741058
sbox1/U181,NAND2xp5_upper,sbox1/U181/Y,1,188.700333
sbox1/U182,XOR2xp5_bottom,sbox1/U182/Y,3,187.080429
sbox1/U183,XNOR2xp5_bottom,sbox1/U183/Y,1,242.476120
sbox1/U184,NAND2xp5_bottom,sbox1/U184/Y,1,242.476089
sbox1/U185,NAND2xp5_upper,sbox1/U185/Y,1,250.364456
sbox1/U186,XNOR2xp5_upper,sbox1/U186/Y,2,286.010956
sbox1/U187,XOR2xp5_upper,sbox1/U187/Y,1,310.630066
sbox1/U188,XNOR2xp5_upper,sbox1/U188/Y,1,310.630066
sbox1/U189,NAND2xp5_bottom,sbox1/U189/Y,1,321.803864
sbox1/U190,NAND2xp5_upper,sbox1/U190/Y,1,310.630066
sbox1/U191,NAND2xp5_bottom,sbox1/U191/Y,1,372.616455
sbox1/U192,XOR2xp5_upper,sbox1/U192/Y,1,286.010986
sbox1/U193,XNOR2xp5_bottom,sbox1/U193/Y,3,150.709717
sbox1/U194,XOR2xp5_bottom,sbox1/U194/Y,1,150.709717
sbox1/U195,NAND2xp5_upper,sbox1/U195/Y,1,154.571304
sbox1/U196,NAND2xp5_bottom,sbox1/U196/Y,1,150.709717
sbox1/U197,XNOR2xp5_bottom,sbox1/U197/Y,6,150.709717
sbox1/U198,AOI21xp5_bottom,sbox1/U198/Y,1,203.074417
sbox1/U199,OAI21xp5_upper,sbox1/U199/Y,1,150.709717
sbox1/U200,XNOR2xp5_bottom,sbox1/U200/Y,1,151.859970
sbox1/U201,NAND2xp5_upper,sbox1/U201/Y,1,151.859970
sbox1/U202,XOR2x2_upper,sbox1/U202/Y,8,151.859970
sbox1/U203,XOR2xp5_bottom,sbox1/U203/Y,1,184.369583
sbox1/U204,OAI21xp5_bottom,sbox1/U204/Y,1,151.859940
sbox1/U205,XOR2xp5_upper,sbox1/U205/Y,2,150.709732
sbox1/U206,XNOR2xp5_bottom,sbox1/U206/Y,1,164.619095
sbox1/U207,OAI21xp5_upper,sbox1/U207/Y,1,150.709717
sbox1/U208,NAND2xp5_upper,sbox1/U208/Y,1,173.093201
sbox1/U210,XNOR2xp5_bottom,sbox1/U210/Y,1,173.093216
sbox1/U211,NAND2xp5_bottom,sbox1/U211/Y,1,173.093201
sbox1/U212,NAND2xp5_bottom,sbox1/U212/Y,2,191.424149
sbox1/U213,XNOR2xp5_upper,sbox1/U213/Y,1,214.786850
sbox1/U214,NAND2xp5_bottom,sbox1/U214/Y,1,358.243408
sbox1/U216,XOR2xp5_bottom,sbox1/U216/Y,1,182.979462
sbox1/U217,XNOR2xp5_upper,sbox1/U217/Y,1,182.979446
sbox1/U218,NAND2xp5_upper,sbox1/U218/Y,4,173.093201
sbox1/U219,XOR2xp5_upper,sbox1/U219/Y,1,154.571304
sbox1/U220,XNOR2xp5_bottom,sbox1/U220/Y,1,154.571289
sbox1/U221,NAND2xp5_upper,sbox1/U221/Y,3,150.709702
sbox1/U222,NOR2x1_upper,sbox1/U222/Y,2,166.917984
sbox1/U223,NAND2xp5_bottom,sbox1/U223/Y,1,182.132858
sbox1/U224,AND2x2_upper,sbox1/U224/Y,3,182.132858
sbox1/U225,OAI22xp5_bottom,sbox1/U225/Y,1,-54.296902
sbox1/U226,XNOR2xp5_upper,sbox1/U226/Y,1,-35.402126
sbox1/U227,XOR2xp5_upper,sbox1/U227/Y,1,-54.296902
sbox1/U228,XNOR2xp5_bottom,sbox1/U228/Y,1,-54.296902
sbox1/U229,XNOR2xp5_upper,sbox1/U229/Y,2,-54.296902
sbox1/U230,XOR2xp5_upper,sbox1/U230/Y,6,-54.296902
sbox1/U231,OAI22xp5_bottom,sbox1/U231/Y,3,81.793465
sbox1/U232,XOR2xp5_upper,sbox1/U232/Y,1,81.793465
sbox1/U233,XOR2x2_bottom,sbox1/U233/Y,7,24.859116
sbox1/U235,AOI22xp5_bottom,sbox1/U235/Y,2,-13.558433
sbox1/U236,XOR2xp5_upper,sbox1/U236/Y,1,-13.558433
sbox1/U237,XNOR2xp5_bottom,sbox1/U237/Y,2,-13.558433
sbox1/U238,OAI22xp5_bottom,sbox1/U238/Y,2,75.259911
sbox1/U239,XNOR2xp5_upper,sbox1/U239/Y,1,75.259911
sbox1/U241,AOI22xp5_upper,sbox1/U241/Y,3,-54.296902
sbox1/U242,XOR2xp5_bottom,sbox1/U242/Y,1,-54.296902
sbox1/U243,XNOR2xp5_upper,sbox1/U243/Y,2,-54.296902
sbox1/U244,OAI22xp5_bottom,sbox1/U244/Y,4,-35.610126
sbox1/U245,XOR2xp5_bottom,sbox1/U245/Y,1,-7.985445
sbox1/U246,XOR2xp5_upper,sbox1/U246/Y,1,-35.610126
sbox1/U247,XNOR2xp5_upper,sbox1/U247/Y,1,-35.610126
sbox1/U248,AOI22xp5_upper,sbox1/U248/Y,3,-35.610126
sbox1/U249,XNOR2xp5_bottom,sbox1/U249/Y,1,-35.610126
sbox1/U250,XNOR2xp5_bottom,sbox1/U250/Y,2,-35.610126
sbox1/U251,XOR2xp5_bottom,sbox1/U251/Y,2,27.638447
sbox1/U3,XNOR2xp5_bottom,sbox1/U3/Y,1,-34.868996
sbox1/U5,XNOR2xp5_bottom,sbox1/U5/Y,1,-54.296791
sbox1/U7,XNOR2xp5_bottom,sbox1/U7/Y,1,-45.521141
sbox1/U9,XNOR2xp5_upper,sbox1/U9/Y,1,-39.681591
sbox1/U11,XNOR2xp5_upper,sbox1/U11/Y,1,12.764345
sbox1/U13,XNOR2xp5_bottom,sbox1/U13/Y,1,79.498627
sbox1/U15,XNOR2xp5_upper,sbox1/U15/Y,1,145.207626
sbox1/U17,XOR2xp5_bottom,sbox1/U17/Y,1,147.639175
sbox1/U19,INVx2_bottom,sbox1/U19/Y,16,151.038910
sbox1/U23,XNOR2x2_bottom,sbox1/U23/Y,9,154.571304
sbox1/U26,XOR2x2_bottom,sbox1/U26/Y,9,173.093201
sbox1/U27,XNOR2x2_bottom,sbox1/U27/Y,9,67.750137
sbox1/U28,XNOR2x2_bottom,sbox1/U28/Y,9,75.259911
sbox1/U29,INVx1_bottom,sbox1/U29/Y,1,155.649719
sbox1/U30,INVx1_bottom,sbox1/U30/Y,1,160.842056
sbox1/U31,INVx1_upper,sbox1/U31/Y,2,110.723152
sbox1/U32,INVx1_bottom,sbox1/U32/Y,1,24.873215
sbox1/U33,INVx1_upper,sbox1/U33/Y,4,-54.296902
sbox1/U34,INVx1_bottom,sbox1/U34/Y,2,-35.610180
sbox1/U35,INVx1_bottom,sbox1/U35/Y,2,-54.296902
sbox1/U36,INVx1_upper,sbox1/U36/Y,3,-14.382329
sbox1/U37,INVx1_upper,sbox1/U37/Y,2,150.709717
sbox1/U38,INVx1_bottom,sbox1/U38/Y,1,251.514038
sbox1/U39,INVx1_bottom,sbox1/U39/Y,2,161.663300
sbox1/U40,INVx1_upper,sbox1/U40/Y,3,199.620438
sbox1/U41,INVx1_bottom,sbox1/U41/Y,2,286.010925
sbox1/U42,INVx1_bottom,sbox1/U42/Y,1,257.401367
sbox1/U43,INVx1_upper,sbox1/U43/Y,2,164.619125
sbox1/U44,INVx1_upper,sbox1/U44/Y,3,163.750595
sbox1/U45,INVx1_bottom,sbox1/U45/Y,2,182.569427
sub1/FE_OFC106_n68,BUFx2_upper,sub1/FE_OFC106_n68/Y,8,667.565979
sub1/FE_OFC105_n63,BUFx2_upper,sub1/FE_OFC105_n63/Y,8,666.809937
sub1/FE_OFC104_FE_OFN69_n5,BUFx3_upper,sub1/FE_OFC104_FE_OFN69_n5/Y,40,642.385742
sub1/FE_OFC103_n76,BUFx2_upper,sub1/FE_OFC103_n76/Y,8,656.197754
sub1/FE_OFC102_n72,BUFx2_upper,sub1/FE_OFC102_n72/Y,8,647.331299
sub1/FE_OFC74_n513,BUFx2_upper,sub1/FE_OFC74_n513/Y,11,152.857346
sub1/FE_OFC73_n237,BUFx2_upper,sub1/FE_OFC73_n237/Y,9,678.656555
sub1/FE_OFC72_n207,BUFx2_upper,sub1/FE_OFC72_n207/Y,9,643.173523
sub1/FE_OFC71_n140,BUFx2_upper,sub1/FE_OFC71_n140/Y,9,701.924866
sub1/FE_OFC70_n134,BUFx2_bottom,sub1/FE_OFC70_n134/Y,5,631.011230
sub1/FE_OFC68_n5,BUFx2_upper,sub1/FE_OFC68_n5/Y,18,642.385681
sub1/FE_OFC35_n522,BUFx2_upper,sub1/FE_OFC35_n522/Y,16,241.693390
sub1/FE_OFC34_n520,BUFx2_bottom,sub1/FE_OFC34_n520/Y,16,224.809952
sub1/FE_OFC33_n518,BUFx2_upper,sub1/FE_OFC33_n518/Y,16,213.828125
sub1/FE_OFC32_n517,BUFx2_bottom,sub1/FE_OFC32_n517/Y,16,232.254883
sub1/FE_OFC31_n516,BUFx2_bottom,sub1/FE_OFC31_n516/Y,16,236.639313
sub1/FE_OFC30_n515,BUFx3_bottom,sub1/FE_OFC30_n515/Y,16,234.301193
sub1/FE_OFC29_N33,BUFx2_upper,sub1/FE_OFC29_N33/Y,11,152.857330
sub1/FE_DBTC87_subbytes_data_o_47,INVx1_upper,sub1/FE_DBTC87_subbytes_data_o_47/Y,3,579.593506
sub1/FE_DBTC86_subbytes_data_o_111,INVx1_upper,sub1/FE_DBTC86_subbytes_data_o_111/Y,3,590.547363
sub1/FE_DBTC85_subbytes_data_o_46,INVx1_upper,sub1/FE_DBTC85_subbytes_data_o_46/Y,3,544.530396
sub1/FE_DBTC84_subbytes_data_o_110,INVx1_bottom,sub1/FE_DBTC84_subbytes_data_o_110/Y,3,551.635071
sub1/FE_DBTC83_subbytes_data_o_45,INVx1_bottom,sub1/FE_DBTC83_subbytes_data_o_45/Y,3,536.755615
sub1/FE_DBTC82_subbytes_data_o_109,INVx1_upper,sub1/FE_DBTC82_subbytes_data_o_109/Y,3,534.023254
sub1/FE_DBTC81_subbytes_data_o_44,INVx1_bottom,sub1/FE_DBTC81_subbytes_data_o_44/Y,3,551.808411
sub1/FE_DBTC80_subbytes_data_o_108,INVx1_upper,sub1/FE_DBTC80_subbytes_data_o_108/Y,3,551.021851
sub1/FE_DBTC79_subbytes_data_o_43,INVx1_bottom,sub1/FE_DBTC79_subbytes_data_o_43/Y,3,592.889404
sub1/FE_DBTC78_subbytes_data_o_107,INVx1_upper,sub1/FE_DBTC78_subbytes_data_o_107/Y,3,591.227051
sub1/FE_DBTC77_subbytes_data_o_42,INVx1_bottom,sub1/FE_DBTC77_subbytes_data_o_42/Y,3,591.994812
sub1/FE_DBTC76_subbytes_data_o_106,INVx1_upper,sub1/FE_DBTC76_subbytes_data_o_106/Y,3,599.879272
sub1/FE_DBTC75_subbytes_data_o_41,INVx1_bottom,sub1/FE_DBTC75_subbytes_data_o_41/Y,3,594.364563
sub1/FE_DBTC74_subbytes_data_o_105,INVx1_upper,sub1/FE_DBTC74_subbytes_data_o_105/Y,3,608.509094
sub1/FE_DBTC73_subbytes_data_o_40,INVx1_upper,sub1/FE_DBTC73_subbytes_data_o_40/Y,3,605.847168
sub1/FE_DBTC72_subbytes_data_o_104,INVx1_upper,sub1/FE_DBTC72_subbytes_data_o_104/Y,3,601.845581
sub1/FE_DBTC71_subbytes_data_o_39,INVx1_upper,sub1/FE_DBTC71_subbytes_data_o_39/Y,3,544.844482
sub1/FE_DBTC70_subbytes_data_o_71,INVx1_upper,sub1/FE_DBTC70_subbytes_data_o_71/Y,3,551.179199
sub1/FE_DBTC69_subbytes_data_o_103,INVx1_upper,sub1/FE_DBTC69_subbytes_data_o_103/Y,3,554.394287
sub1/FE_DBTC68_subbytes_data_o_38,INVx1_bottom,sub1/FE_DBTC68_subbytes_data_o_38/Y,3,539.691956
sub1/FE_DBTC67_subbytes_data_o_70,INVx1_bottom,sub1/FE_DBTC67_subbytes_data_o_70/Y,3,543.696350
sub1/FE_DBTC66_subbytes_data_o_102,INVx1_upper,sub1/FE_DBTC66_subbytes_data_o_102/Y,3,537.767456
sub1/FE_DBTC65_subbytes_data_o_37,INVx1_upper,sub1/FE_DBTC65_subbytes_data_o_37/Y,3,535.884155
sub1/FE_DBTC64_subbytes_data_o_69,INVx1_upper,sub1/FE_DBTC64_subbytes_data_o_69/Y,3,544.936401
sub1/FE_DBTC63_subbytes_data_o_101,INVx1_upper,sub1/FE_DBTC63_subbytes_data_o_101/Y,3,539.257446
sub1/FE_DBTC62_subbytes_data_o_36,INVx1_upper,sub1/FE_DBTC62_subbytes_data_o_36/Y,3,541.253906
sub1/FE_DBTC61_subbytes_data_o_68,INVx1_upper,sub1/FE_DBTC61_subbytes_data_o_68/Y,3,542.667786
sub1/FE_DBTC60_subbytes_data_o_100,INVx1_upper,sub1/FE_DBTC60_subbytes_data_o_100/Y,3,539.662292
sub1/FE_DBTC59_subbytes_data_o_35,INVx1_bottom,sub1/FE_DBTC59_subbytes_data_o_35/Y,3,540.997009
sub1/FE_DBTC58_subbytes_data_o_67,INVx1_upper,sub1/FE_DBTC58_subbytes_data_o_67/Y,3,541.817261
sub1/FE_DBTC57_subbytes_data_o_99,INVx1_upper,sub1/FE_DBTC57_subbytes_data_o_99/Y,3,542.410522
sub1/FE_DBTC56_subbytes_data_o_34,INVx1_bottom,sub1/FE_DBTC56_subbytes_data_o_34/Y,3,546.118530
sub1/FE_DBTC55_subbytes_data_o_66,INVx1_upper,sub1/FE_DBTC55_subbytes_data_o_66/Y,3,544.772034
sub1/FE_DBTC54_subbytes_data_o_98,INVx1_bottom,sub1/FE_DBTC54_subbytes_data_o_98/Y,3,551.232422
sub1/FE_DBTC53_subbytes_data_o_33,INVx1_bottom,sub1/FE_DBTC53_subbytes_data_o_33/Y,3,597.673035
sub1/FE_DBTC52_subbytes_data_o_65,INVx1_upper,sub1/FE_DBTC52_subbytes_data_o_65/Y,3,590.874329
sub1/FE_DBTC51_subbytes_data_o_97,INVx1_upper,sub1/FE_DBTC51_subbytes_data_o_97/Y,3,589.888367
sub1/FE_DBTC50_subbytes_data_o_32,INVx1_upper,sub1/FE_DBTC50_subbytes_data_o_32/Y,3,594.785583
sub1/FE_DBTC49_subbytes_data_o_64,INVx1_upper,sub1/FE_DBTC49_subbytes_data_o_64/Y,3,589.692444
sub1/FE_DBTC48_subbytes_data_o_96,INVx1_upper,sub1/FE_DBTC48_subbytes_data_o_96/Y,3,587.340515
sub1/FE_DBTC47_subbytes_data_o_23,INVx1_upper,sub1/FE_DBTC47_subbytes_data_o_23/Y,3,531.013428
sub1/FE_DBTC46_subbytes_data_o_55,INVx1_upper,sub1/FE_DBTC46_subbytes_data_o_55/Y,3,538.911560
sub1/FE_DBTC45_subbytes_data_o_87,INVx1_upper,sub1/FE_DBTC45_subbytes_data_o_87/Y,3,539.193848
sub1/FE_DBTC44_subbytes_data_o_119,INVx1_upper,sub1/FE_DBTC44_subbytes_data_o_119/Y,3,538.011292
sub1/FE_DBTC43_subbytes_data_o_22,INVx1_bottom,sub1/FE_DBTC43_subbytes_data_o_22/Y,3,518.586060
sub1/FE_DBTC42_subbytes_data_o_54,INVx1_upper,sub1/FE_DBTC42_subbytes_data_o_54/Y,3,516.178650
sub1/FE_DBTC41_subbytes_data_o_86,INVx1_upper,sub1/FE_DBTC41_subbytes_data_o_86/Y,3,524.943787
sub1/FE_DBTC40_subbytes_data_o_118,INVx1_bottom,sub1/FE_DBTC40_subbytes_data_o_118/Y,3,527.730286
sub1/FE_DBTC39_subbytes_data_o_21,INVx1_upper,sub1/FE_DBTC39_subbytes_data_o_21/Y,3,502.822388
sub1/FE_DBTC38_subbytes_data_o_53,INVx1_bottom,sub1/FE_DBTC38_subbytes_data_o_53/Y,3,509.549957
sub1/FE_DBTC37_subbytes_data_o_85,INVx1_bottom,sub1/FE_DBTC37_subbytes_data_o_85/Y,3,515.242981
sub1/FE_DBTC36_subbytes_data_o_117,INVx1_upper,sub1/FE_DBTC36_subbytes_data_o_117/Y,3,515.383728
sub1/FE_DBTC35_subbytes_data_o_20,INVx1_upper,sub1/FE_DBTC35_subbytes_data_o_20/Y,3,535.265625
sub1/FE_DBTC34_subbytes_data_o_52,INVx1_upper,sub1/FE_DBTC34_subbytes_data_o_52/Y,3,537.257751
sub1/FE_DBTC33_subbytes_data_o_84,INVx1_upper,sub1/FE_DBTC33_subbytes_data_o_84/Y,3,540.638550
sub1/FE_DBTC32_subbytes_data_o_116,INVx1_upper,sub1/FE_DBTC32_subbytes_data_o_116/Y,3,538.214233
sub1/FE_DBTC31_subbytes_data_o_19,INVx1_upper,sub1/FE_DBTC31_subbytes_data_o_19/Y,3,524.571960
sub1/FE_DBTC30_subbytes_data_o_51,INVx1_bottom,sub1/FE_DBTC30_subbytes_data_o_51/Y,3,528.971741
sub1/FE_DBTC29_subbytes_data_o_83,INVx1_bottom,sub1/FE_DBTC29_subbytes_data_o_83/Y,3,538.242432
sub1/FE_DBTC28_subbytes_data_o_115,INVx1_upper,sub1/FE_DBTC28_subbytes_data_o_115/Y,3,527.899780
sub1/FE_DBTC27_subbytes_data_o_18,INVx1_bottom,sub1/FE_DBTC27_subbytes_data_o_18/Y,3,544.734192
sub1/FE_DBTC26_subbytes_data_o_50,INVx1_upper,sub1/FE_DBTC26_subbytes_data_o_50/Y,3,546.434570
sub1/FE_DBTC25_subbytes_data_o_82,INVx1_bottom,sub1/FE_DBTC25_subbytes_data_o_82/Y,3,552.393311
sub1/FE_DBTC24_subbytes_data_o_114,INVx1_upper,sub1/FE_DBTC24_subbytes_data_o_114/Y,3,552.031433
sub1/FE_DBTC23_subbytes_data_o_17,INVx1_upper,sub1/FE_DBTC23_subbytes_data_o_17/Y,3,586.243103
sub1/FE_DBTC22_subbytes_data_o_49,INVx1_upper,sub1/FE_DBTC22_subbytes_data_o_49/Y,3,584.295471
sub1/FE_DBTC21_subbytes_data_o_81,INVx1_upper,sub1/FE_DBTC21_subbytes_data_o_81/Y,3,592.735107
sub1/FE_DBTC20_subbytes_data_o_113,INVx1_upper,sub1/FE_DBTC20_subbytes_data_o_113/Y,3,590.927551
sub1/FE_DBTC19_subbytes_data_o_16,INVx1_bottom,sub1/FE_DBTC19_subbytes_data_o_16/Y,3,609.430115
sub1/FE_DBTC18_subbytes_data_o_48,INVx1_upper,sub1/FE_DBTC18_subbytes_data_o_48/Y,3,613.921814
sub1/FE_DBTC17_subbytes_data_o_80,INVx1_bottom,sub1/FE_DBTC17_subbytes_data_o_80/Y,3,622.572388
sub1/FE_DBTC16_subbytes_data_o_112,INVx1_upper,sub1/FE_DBTC16_subbytes_data_o_112/Y,3,617.764771
sub1/FE_DBTC15_subbytes_data_o_15,INVx1_bottom,sub1/FE_DBTC15_subbytes_data_o_15/Y,3,575.902710
sub1/FE_DBTC14_subbytes_data_o_79,INVx1_upper,sub1/FE_DBTC14_subbytes_data_o_79/Y,3,580.624756
sub1/FE_DBTC13_subbytes_data_o_14,INVx1_upper,sub1/FE_DBTC13_subbytes_data_o_14/Y,3,534.274109
sub1/FE_DBTC12_subbytes_data_o_78,INVx1_upper,sub1/FE_DBTC12_subbytes_data_o_78/Y,3,536.329773
sub1/FE_DBTC11_subbytes_data_o_13,INVx1_bottom,sub1/FE_DBTC11_subbytes_data_o_13/Y,3,526.288086
sub1/FE_DBTC10_subbytes_data_o_77,INVx1_upper,sub1/FE_DBTC10_subbytes_data_o_77/Y,3,519.172607
sub1/FE_DBTC9_subbytes_data_o_12,INVx1_upper,sub1/FE_DBTC9_subbytes_data_o_12/Y,3,539.266785
sub1/FE_DBTC8_subbytes_data_o_76,INVx1_upper,sub1/FE_DBTC8_subbytes_data_o_76/Y,3,540.964722
sub1/FE_DBTC7_subbytes_data_o_11,INVx1_upper,sub1/FE_DBTC7_subbytes_data_o_11/Y,3,584.041138
sub1/FE_DBTC6_subbytes_data_o_75,INVx1_upper,sub1/FE_DBTC6_subbytes_data_o_75/Y,3,581.633545
sub1/FE_DBTC5_subbytes_data_o_10,INVx1_upper,sub1/FE_DBTC5_subbytes_data_o_10/Y,3,579.645630
sub1/FE_DBTC4_subbytes_data_o_74,INVx1_upper,sub1/FE_DBTC4_subbytes_data_o_74/Y,3,586.798462
sub1/FE_DBTC3_subbytes_data_o_9,INVx1_upper,sub1/FE_DBTC3_subbytes_data_o_9/Y,3,582.197388
sub1/FE_DBTC2_subbytes_data_o_73,INVx1_upper,sub1/FE_DBTC2_subbytes_data_o_73/Y,3,593.150696
sub1/FE_DBTC1_subbytes_data_o_8,INVx1_upper,sub1/FE_DBTC1_subbytes_data_o_8/Y,3,598.197510
sub1/FE_DBTC0_subbytes_data_o_72,INVx1_upper,sub1/FE_DBTC0_subbytes_data_o_72/Y,3,595.055115
sub1/state_reg_0_,DFFASRHQNx1_bottom,sub1/state_reg_0_/QN,8,159.147766
sub1/state_reg_4_,DFFASRHQNx1_upper,sub1/state_reg_4_/QN,6,202.203644
sub1/state_reg_1_,DFFASRHQNx1_upper,sub1/state_reg_1_/QN,6,175.854645
sub1/state_reg_2_,DFFASRHQNx1_upper,sub1/state_reg_2_/QN,6,171.770798
sub1/state_reg_3_,DFFASRHQNx1_upper,sub1/state_reg_3_/QN,1,152.857330
sub1/ready_o_reg,DFFASRHQNx1_upper,sub1/ready_o_reg/QN,3,320.991394
sub1/data_reg_reg_127_,DFFASRHQNx1_bottom,sub1/data_reg_reg_127_/QN,2,553.742615
sub1/data_reg_reg_126_,DFFASRHQNx1_upper,sub1/data_reg_reg_126_/QN,2,573.270386
sub1/data_reg_reg_125_,DFFASRHQNx1_bottom,sub1/data_reg_reg_125_/QN,2,533.428894
sub1/data_reg_reg_124_,DFFASRHQNx1_upper,sub1/data_reg_reg_124_/QN,2,566.152466
sub1/data_reg_reg_123_,DFFASRHQNx1_bottom,sub1/data_reg_reg_123_/QN,2,564.796021
sub1/data_reg_reg_122_,DFFASRHQNx1_bottom,sub1/data_reg_reg_122_/QN,2,596.719543
sub1/data_reg_reg_121_,DFFASRHQNx1_bottom,sub1/data_reg_reg_121_/QN,2,639.864807
sub1/data_reg_reg_120_,DFFASRHQNx1_bottom,sub1/data_reg_reg_120_/QN,2,628.599426
sub1/data_reg_reg_95_,DFFASRHQNx1_upper,sub1/data_reg_reg_95_/QN,2,554.837524
sub1/data_reg_reg_94_,DFFASRHQNx1_bottom,sub1/data_reg_reg_94_/QN,2,572.727417
sub1/data_reg_reg_93_,DFFASRHQNx1_upper,sub1/data_reg_reg_93_/QN,2,526.466858
sub1/data_reg_reg_92_,DFFASRHQNx1_bottom,sub1/data_reg_reg_92_/QN,2,562.150146
sub1/data_reg_reg_91_,DFFASRHQNx1_bottom,sub1/data_reg_reg_91_/QN,2,559.435364
sub1/data_reg_reg_90_,DFFASRHQNx1_bottom,sub1/data_reg_reg_90_/QN,2,592.098450
sub1/data_reg_reg_89_,DFFASRHQNx1_bottom,sub1/data_reg_reg_89_/QN,2,641.470947
sub1/data_reg_reg_88_,DFFASRHQNx1_bottom,sub1/data_reg_reg_88_/QN,2,625.239685
sub1/data_reg_reg_63_,DFFASRHQNx1_upper,sub1/data_reg_reg_63_/QN,2,543.608826
sub1/data_reg_reg_62_,DFFASRHQNx1_upper,sub1/data_reg_reg_62_/QN,2,553.312195
sub1/data_reg_reg_61_,DFFASRHQNx1_bottom,sub1/data_reg_reg_61_/QN,2,515.157837
sub1/data_reg_reg_60_,DFFASRHQNx1_upper,sub1/data_reg_reg_60_/QN,2,546.151855
sub1/data_reg_reg_59_,DFFASRHQNx1_bottom,sub1/data_reg_reg_59_/QN,2,544.552368
sub1/data_reg_reg_58_,DFFASRHQNx1_upper,sub1/data_reg_reg_58_/QN,2,580.594604
sub1/data_reg_reg_57_,DFFASRHQNx1_upper,sub1/data_reg_reg_57_/QN,2,620.079163
sub1/data_reg_reg_56_,DFFASRHQNx1_upper,sub1/data_reg_reg_56_/QN,2,618.657043
sub1/data_reg_reg_47_,DFFASRHQNx1_bottom,sub1/data_reg_reg_47_/QN,2,579.593506
sub1/data_reg_reg_111_,DFFASRHQNx1_upper,sub1/data_reg_reg_111_/QN,2,590.547363
sub1/data_reg_reg_46_,DFFASRHQNx1_bottom,sub1/data_reg_reg_46_/QN,2,544.530396
sub1/data_reg_reg_110_,DFFASRHQNx1_bottom,sub1/data_reg_reg_110_/QN,2,551.635071
sub1/data_reg_reg_45_,DFFASRHQNx1_bottom,sub1/data_reg_reg_45_/QN,2,536.755615
sub1/data_reg_reg_109_,DFFASRHQNx1_upper,sub1/data_reg_reg_109_/QN,2,534.023193
sub1/data_reg_reg_44_,DFFASRHQNx1_bottom,sub1/data_reg_reg_44_/QN,2,551.808472
sub1/data_reg_reg_108_,DFFASRHQNx1_upper,sub1/data_reg_reg_108_/QN,2,551.021851
sub1/data_reg_reg_43_,DFFASRHQNx1_bottom,sub1/data_reg_reg_43_/QN,2,592.889404
sub1/data_reg_reg_107_,DFFASRHQNx1_bottom,sub1/data_reg_reg_107_/QN,2,591.227051
sub1/data_reg_reg_42_,DFFASRHQNx1_upper,sub1/data_reg_reg_42_/QN,2,591.994812
sub1/data_reg_reg_106_,DFFASRHQNx1_bottom,sub1/data_reg_reg_106_/QN,2,599.879333
sub1/data_reg_reg_41_,DFFASRHQNx1_upper,sub1/data_reg_reg_41_/QN,2,594.364624
sub1/data_reg_reg_105_,DFFASRHQNx1_bottom,sub1/data_reg_reg_105_/QN,2,608.509094
sub1/data_reg_reg_40_,DFFASRHQNx1_upper,sub1/data_reg_reg_40_/QN,2,605.847168
sub1/data_reg_reg_104_,DFFASRHQNx1_upper,sub1/data_reg_reg_104_/QN,2,601.845642
sub1/data_reg_reg_39_,DFFASRHQNx1_upper,sub1/data_reg_reg_39_/QN,3,544.844482
sub1/data_reg_reg_71_,DFFASRHQNx1_upper,sub1/data_reg_reg_71_/QN,3,551.179138
sub1/data_reg_reg_103_,DFFASRHQNx1_bottom,sub1/data_reg_reg_103_/QN,3,554.394287
sub1/data_reg_reg_38_,DFFASRHQNx1_upper,sub1/data_reg_reg_38_/QN,3,539.691956
sub1/data_reg_reg_70_,DFFASRHQNx1_upper,sub1/data_reg_reg_70_/QN,3,543.696350
sub1/data_reg_reg_102_,DFFASRHQNx1_upper,sub1/data_reg_reg_102_/QN,3,537.767395
sub1/data_reg_reg_37_,DFFASRHQNx1_upper,sub1/data_reg_reg_37_/QN,3,535.884216
sub1/data_reg_reg_69_,DFFASRHQNx1_bottom,sub1/data_reg_reg_69_/QN,3,544.936401
sub1/data_reg_reg_101_,DFFASRHQNx1_upper,sub1/data_reg_reg_101_/QN,3,539.257446
sub1/data_reg_reg_36_,DFFASRHQNx1_upper,sub1/data_reg_reg_36_/QN,3,541.253906
sub1/data_reg_reg_68_,DFFASRHQNx1_bottom,sub1/data_reg_reg_68_/QN,3,542.667786
sub1/data_reg_reg_100_,DFFASRHQNx1_upper,sub1/data_reg_reg_100_/QN,3,539.662292
sub1/data_reg_reg_35_,DFFASRHQNx1_upper,sub1/data_reg_reg_35_/QN,3,540.996948
sub1/data_reg_reg_67_,DFFASRHQNx1_upper,sub1/data_reg_reg_67_/QN,3,541.817261
sub1/data_reg_reg_99_,DFFASRHQNx1_upper,sub1/data_reg_reg_99_/QN,3,542.410522
sub1/data_reg_reg_34_,DFFASRHQNx1_upper,sub1/data_reg_reg_34_/QN,3,546.118530
sub1/data_reg_reg_66_,DFFASRHQNx1_upper,sub1/data_reg_reg_66_/QN,3,544.772034
sub1/data_reg_reg_98_,DFFASRHQNx1_upper,sub1/data_reg_reg_98_/QN,3,551.232422
sub1/data_reg_reg_33_,DFFASRHQNx1_bottom,sub1/data_reg_reg_33_/QN,3,597.673096
sub1/data_reg_reg_65_,DFFASRHQNx1_upper,sub1/data_reg_reg_65_/QN,3,590.874329
sub1/data_reg_reg_97_,DFFASRHQNx1_upper,sub1/data_reg_reg_97_/QN,3,589.888367
sub1/data_reg_reg_32_,DFFASRHQNx1_bottom,sub1/data_reg_reg_32_/QN,3,594.785583
sub1/data_reg_reg_64_,DFFASRHQNx1_upper,sub1/data_reg_reg_64_/QN,3,589.692505
sub1/data_reg_reg_96_,DFFASRHQNx1_upper,sub1/data_reg_reg_96_/QN,3,587.340515
sub1/data_reg_reg_31_,DFFASRHQNx1_upper,sub1/data_reg_reg_31_/QN,2,535.175659
sub1/data_reg_reg_30_,DFFASRHQNx1_upper,sub1/data_reg_reg_30_/QN,2,550.365540
sub1/data_reg_reg_29_,DFFASRHQNx1_upper,sub1/data_reg_reg_29_/QN,2,509.552612
sub1/data_reg_reg_28_,DFFASRHQNx1_upper,sub1/data_reg_reg_28_/QN,2,540.632690
sub1/data_reg_reg_27_,DFFASRHQNx1_upper,sub1/data_reg_reg_27_/QN,2,534.370300
sub1/data_reg_reg_26_,DFFASRHQNx1_upper,sub1/data_reg_reg_26_/QN,2,579.009766
sub1/data_reg_reg_25_,DFFASRHQNx1_upper,sub1/data_reg_reg_25_/QN,2,617.682068
sub1/data_reg_reg_24_,DFFASRHQNx1_bottom,sub1/data_reg_reg_24_/QN,2,605.532715
sub1/data_reg_reg_23_,DFFASRHQNx1_upper,sub1/data_reg_reg_23_/QN,3,531.013428
sub1/data_reg_reg_55_,DFFASRHQNx1_bottom,sub1/data_reg_reg_55_/QN,3,538.911560
sub1/data_reg_reg_87_,DFFASRHQNx1_bottom,sub1/data_reg_reg_87_/QN,3,539.193787
sub1/data_reg_reg_119_,DFFASRHQNx1_upper,sub1/data_reg_reg_119_/QN,3,538.011292
sub1/data_reg_reg_22_,DFFASRHQNx1_bottom,sub1/data_reg_reg_22_/QN,3,518.586060
sub1/data_reg_reg_54_,DFFASRHQNx1_upper,sub1/data_reg_reg_54_/QN,3,516.178650
sub1/data_reg_reg_86_,DFFASRHQNx1_bottom,sub1/data_reg_reg_86_/QN,3,524.943726
sub1/data_reg_reg_118_,DFFASRHQNx1_bottom,sub1/data_reg_reg_118_/QN,3,527.730286
sub1/data_reg_reg_21_,DFFASRHQNx1_upper,sub1/data_reg_reg_21_/QN,3,502.822388
sub1/data_reg_reg_53_,DFFASRHQNx1_upper,sub1/data_reg_reg_53_/QN,3,509.549957
sub1/data_reg_reg_85_,DFFASRHQNx1_upper,sub1/data_reg_reg_85_/QN,3,515.242981
sub1/data_reg_reg_117_,DFFASRHQNx1_bottom,sub1/data_reg_reg_117_/QN,3,515.383728
sub1/data_reg_reg_20_,DFFASRHQNx1_upper,sub1/data_reg_reg_20_/QN,3,535.265564
sub1/data_reg_reg_52_,DFFASRHQNx1_upper,sub1/data_reg_reg_52_/QN,3,537.257751
sub1/data_reg_reg_84_,DFFASRHQNx1_upper,sub1/data_reg_reg_84_/QN,3,540.638550
sub1/data_reg_reg_116_,DFFASRHQNx1_upper,sub1/data_reg_reg_116_/QN,3,538.214233
sub1/data_reg_reg_19_,DFFASRHQNx1_upper,sub1/data_reg_reg_19_/QN,3,524.571960
sub1/data_reg_reg_51_,DFFASRHQNx1_upper,sub1/data_reg_reg_51_/QN,3,528.971741
sub1/data_reg_reg_83_,DFFASRHQNx1_bottom,sub1/data_reg_reg_83_/QN,3,538.242493
sub1/data_reg_reg_115_,DFFASRHQNx1_upper,sub1/data_reg_reg_115_/QN,3,527.899780
sub1/data_reg_reg_18_,DFFASRHQNx1_upper,sub1/data_reg_reg_18_/QN,3,544.734131
sub1/data_reg_reg_50_,DFFASRHQNx1_bottom,sub1/data_reg_reg_50_/QN,3,546.434570
sub1/data_reg_reg_82_,DFFASRHQNx1_upper,sub1/data_reg_reg_82_/QN,3,552.393311
sub1/data_reg_reg_114_,DFFASRHQNx1_bottom,sub1/data_reg_reg_114_/QN,3,552.031494
sub1/data_reg_reg_17_,DFFASRHQNx1_bottom,sub1/data_reg_reg_17_/QN,3,586.243042
sub1/data_reg_reg_49_,DFFASRHQNx1_upper,sub1/data_reg_reg_49_/QN,3,584.295471
sub1/data_reg_reg_81_,DFFASRHQNx1_upper,sub1/data_reg_reg_81_/QN,3,592.735168
sub1/data_reg_reg_113_,DFFASRHQNx1_upper,sub1/data_reg_reg_113_/QN,3,590.927612
sub1/data_reg_reg_16_,DFFASRHQNx1_upper,sub1/data_reg_reg_16_/QN,3,609.430054
sub1/data_reg_reg_48_,DFFASRHQNx1_bottom,sub1/data_reg_reg_48_/QN,3,613.921875
sub1/data_reg_reg_80_,DFFASRHQNx1_bottom,sub1/data_reg_reg_80_/QN,3,622.572327
sub1/data_reg_reg_112_,DFFASRHQNx1_bottom,sub1/data_reg_reg_112_/QN,3,617.764709
sub1/data_reg_reg_15_,DFFASRHQNx1_upper,sub1/data_reg_reg_15_/QN,2,575.902710
sub1/data_reg_reg_79_,DFFASRHQNx1_upper,sub1/data_reg_reg_79_/QN,2,580.624756
sub1/data_reg_reg_14_,DFFASRHQNx1_upper,sub1/data_reg_reg_14_/QN,2,534.274109
sub1/data_reg_reg_78_,DFFASRHQNx1_bottom,sub1/data_reg_reg_78_/QN,2,536.329773
sub1/data_reg_reg_13_,DFFASRHQNx1_upper,sub1/data_reg_reg_13_/QN,2,526.288147
sub1/data_reg_reg_77_,DFFASRHQNx1_upper,sub1/data_reg_reg_77_/QN,2,519.172607
sub1/data_reg_reg_12_,DFFASRHQNx1_upper,sub1/data_reg_reg_12_/QN,2,539.266724
sub1/data_reg_reg_76_,DFFASRHQNx1_upper,sub1/data_reg_reg_76_/QN,2,540.964722
sub1/data_reg_reg_11_,DFFASRHQNx1_upper,sub1/data_reg_reg_11_/QN,2,584.041138
sub1/data_reg_reg_75_,DFFASRHQNx1_upper,sub1/data_reg_reg_75_/QN,2,581.633545
sub1/data_reg_reg_10_,DFFASRHQNx1_upper,sub1/data_reg_reg_10_/QN,2,579.645569
sub1/data_reg_reg_74_,DFFASRHQNx1_upper,sub1/data_reg_reg_74_/QN,2,586.798462
sub1/data_reg_reg_9_,DFFASRHQNx1_upper,sub1/data_reg_reg_9_/QN,2,582.197388
sub1/data_reg_reg_73_,DFFASRHQNx1_upper,sub1/data_reg_reg_73_/QN,2,593.150696
sub1/data_reg_reg_8_,DFFASRHQNx1_upper,sub1/data_reg_reg_8_/QN,2,598.197510
sub1/data_reg_reg_72_,DFFASRHQNx1_upper,sub1/data_reg_reg_72_/QN,2,595.055054
sub1/data_reg_reg_7_,DFFASRHQNx1_upper,sub1/data_reg_reg_7_/QN,2,554.106140
sub1/data_reg_reg_6_,DFFASRHQNx1_upper,sub1/data_reg_reg_6_/QN,2,547.868713
sub1/data_reg_reg_5_,DFFASRHQNx1_upper,sub1/data_reg_reg_5_/QN,2,548.574341
sub1/data_reg_reg_4_,DFFASRHQNx1_bottom,sub1/data_reg_reg_4_/QN,2,553.097778
sub1/data_reg_reg_3_,DFFASRHQNx1_upper,sub1/data_reg_reg_3_/QN,2,545.591675
sub1/data_reg_reg_2_,DFFASRHQNx1_upper,sub1/data_reg_reg_2_/QN,2,552.120483
sub1/data_reg_reg_1_,DFFASRHQNx1_upper,sub1/data_reg_reg_1_/QN,2,602.252014
sub1/data_reg_reg_0_,DFFASRHQNx1_upper,sub1/data_reg_reg_0_/QN,2,600.727783
sub1/U3,AO22x1_upper,sub1/U3/Y,1,-34.362846
sub1/U4,AO22x1_bottom,sub1/U4/Y,1,-18.634094
sub1/U5,AO22x1_bottom,sub1/U5/Y,1,44.770077
sub1/U6,AO22x1_bottom,sub1/U6/Y,1,6.159906
sub1/U7,AO22x1_upper,sub1/U7/Y,1,-35.610180
sub1/U8,AO22x1_bottom,sub1/U8/Y,1,-54.296902
sub1/U9,AO22x1_bottom,sub1/U9/Y,1,-14.382329
sub1/U10,AO22x1_bottom,sub1/U10/Y,1,27.638447
sub1/U11,AND2x2_upper,sub1/U11/Y,8,195.358200
sub1/U12,AOI221xp5_upper,sub1/U12/Y,1,630.361877
sub1/U13,AND2x2_bottom,sub1/U13/Y,1,725.922180
sub1/U14,AOI221xp5_upper,sub1/U14/Y,1,630.074341
sub1/U15,AND2x2_upper,sub1/U15/Y,1,725.137512
sub1/U16,AOI221xp5_upper,sub1/U16/Y,1,624.278320
sub1/U17,AND2x2_upper,sub1/U17/Y,1,713.469421
sub1/U18,AOI221xp5_upper,sub1/U18/Y,1,622.936462
sub1/U19,AND2x2_bottom,sub1/U19/Y,1,727.493835
sub1/U20,AOI221xp5_upper,sub1/U20/Y,1,625.557068
sub1/U21,AND2x2_upper,sub1/U21/Y,1,715.451172
sub1/U22,AOI221xp5_upper,sub1/U22/Y,1,624.108887
sub1/U23,AND2x2_upper,sub1/U23/Y,1,719.831543
sub1/U24,AOI221xp5_bottom,sub1/U24/Y,1,632.120850
sub1/U25,AND2x2_upper,sub1/U25/Y,1,721.985901
sub1/U26,AOI221xp5_upper,sub1/U26/Y,1,625.557373
sub1/U27,AND2x2_upper,sub1/U27/Y,1,721.314331
sub1/U28,AOI21xp5_upper,sub1/U28/Y,1,212.096237
sub1/U29,OAI22xp5_upper,sub1/U29/Y,1,212.096176
sub1/U31,AOI21xp5_upper,sub1/U31/Y,1,215.626968
sub1/U32,OAI22xp5_upper,sub1/U32/Y,1,215.626968
sub1/U34,AOI21xp5_upper,sub1/U34/Y,1,215.622681
sub1/U35,OAI22xp5_upper,sub1/U35/Y,1,215.622635
sub1/U37,AOI21xp5_bottom,sub1/U37/Y,1,218.823898
sub1/U38,OAI22xp5_upper,sub1/U38/Y,1,218.823898
sub1/U40,AOI21xp5_bottom,sub1/U40/Y,1,240.968628
sub1/U41,OAI22xp5_upper,sub1/U41/Y,1,240.968582
sub1/U43,AOI21xp5_upper,sub1/U43/Y,1,246.781265
sub1/U44,OAI22xp5_upper,sub1/U44/Y,1,246.781204
sub1/U46,AOI21xp5_upper,sub1/U46/Y,1,286.627441
sub1/U47,OAI22xp5_upper,sub1/U47/Y,1,286.627502
sub1/U49,AOI21xp5_bottom,sub1/U49/Y,1,287.702087
sub1/U50,OAI22xp5_upper,sub1/U50/Y,1,287.702087
sub1/U52,AOI21xp5_upper,sub1/U52/Y,1,265.125305
sub1/U53,OAI22xp5_upper,sub1/U53/Y,1,265.125305
sub1/U55,AOI21xp5_upper,sub1/U55/Y,1,263.790588
sub1/U56,OAI22xp5_upper,sub1/U56/Y,1,263.790558
sub1/U58,AOI21xp5_upper,sub1/U58/Y,1,234.192215
sub1/U59,OAI22xp5_upper,sub1/U59/Y,1,234.192276
sub1/U61,AOI21xp5_bottom,sub1/U61/Y,1,237.420258
sub1/U62,OAI22xp5_upper,sub1/U62/Y,1,237.420258
sub1/U64,AOI21xp5_upper,sub1/U64/Y,1,244.740005
sub1/U65,OAI22xp5_upper,sub1/U65/Y,1,244.739944
sub1/U67,AOI21xp5_bottom,sub1/U67/Y,1,244.848694
sub1/U68,OAI22xp5_upper,sub1/U68/Y,1,244.848694
sub1/U70,AOI21xp5_upper,sub1/U70/Y,1,232.444458
sub1/U71,OAI22xp5_upper,sub1/U71/Y,1,232.444397
sub1/U73,NAND2xp5_upper,sub1/U73/Y,8,663.542419
sub1/U75,AOI21xp5_upper,sub1/U75/Y,1,232.965866
sub1/U76,OAI22xp5_upper,sub1/U76/Y,1,232.965927
sub1/U78,NAND2xp5_upper,sub1/U78/Y,8,638.815918
sub1/U80,AOI221xp5_upper,sub1/U80/Y,1,211.786804
sub1/U81,OAI22xp5_upper,sub1/U81/Y,1,211.786804
sub1/U83,AOI221xp5_upper,sub1/U83/Y,1,212.966919
sub1/U84,OAI22xp5_upper,sub1/U84/Y,1,212.966980
sub1/U86,AOI221xp5_bottom,sub1/U86/Y,1,224.633652
sub1/U87,OAI22xp5_bottom,sub1/U87/Y,1,224.633698
sub1/U89,AOI221xp5_upper,sub1/U89/Y,1,215.126923
sub1/U90,OAI22xp5_upper,sub1/U90/Y,1,215.126968
sub1/U92,AOI221xp5_upper,sub1/U92/Y,1,209.871674
sub1/U93,OAI22xp5_upper,sub1/U93/Y,1,209.871628
sub1/U95,AOI221xp5_upper,sub1/U95/Y,1,209.777695
sub1/U96,OAI22xp5_upper,sub1/U96/Y,1,209.777695
sub1/U98,AOI221xp5_upper,sub1/U98/Y,1,218.673859
sub1/U99,OAI22xp5_bottom,sub1/U99/Y,1,218.673920
sub1/U101,AOI221xp5_bottom,sub1/U101/Y,1,221.233917
sub1/U102,OAI22xp5_bottom,sub1/U102/Y,1,221.233917
sub1/U104,AOI221xp5_bottom,sub1/U104/Y,1,243.175644
sub1/U105,OAI22xp5_upper,sub1/U105/Y,1,243.175644
sub1/U107,AOI221xp5_bottom,sub1/U107/Y,1,247.335983
sub1/U108,OAI22xp5_upper,sub1/U108/Y,1,247.335983
sub1/U110,AOI221xp5_upper,sub1/U110/Y,1,238.289444
sub1/U111,OAI22xp5_upper,sub1/U111/Y,1,238.289505
sub1/U113,AOI221xp5_upper,sub1/U113/Y,1,241.691116
sub1/U114,OAI22xp5_upper,sub1/U114/Y,1,241.691116
sub1/U116,AOI221xp5_upper,sub1/U116/Y,1,297.238953
sub1/U117,OAI22xp5_bottom,sub1/U117/Y,1,297.239014
sub1/U119,AOI221xp5_bottom,sub1/U119/Y,1,299.864258
sub1/U120,OAI22xp5_bottom,sub1/U120/Y,1,299.864197
sub1/U122,AOI221xp5_upper,sub1/U122/Y,1,287.652740
sub1/U123,OAI22xp5_upper,sub1/U123/Y,1,287.652802
sub1/U125,AOI221xp5_upper,sub1/U125/Y,1,297.852142
sub1/U126,OAI22xp5_bottom,sub1/U126/Y,1,297.852020
sub1/U128,AOI221xp5_bottom,sub1/U128/Y,1,269.114838
sub1/U129,OAI22xp5_bottom,sub1/U129/Y,1,269.114899
sub1/U131,AOI221xp5_bottom,sub1/U131/Y,1,267.575623
sub1/U132,OAI22xp5_upper,sub1/U132/Y,1,267.575531
sub1/U134,AOI221xp5_upper,sub1/U134/Y,1,265.117493
sub1/U135,OAI22xp5_upper,sub1/U135/Y,1,265.117432
sub1/U137,AOI221xp5_upper,sub1/U137/Y,1,272.275360
sub1/U138,OAI22xp5_bottom,sub1/U138/Y,1,272.275330
sub1/U140,AOI221xp5_upper,sub1/U140/Y,1,228.811798
sub1/U141,OAI22xp5_upper,sub1/U141/Y,1,228.811859
sub1/U143,AOI221xp5_bottom,sub1/U143/Y,1,236.301483
sub1/U144,OAI22xp5_upper,sub1/U144/Y,1,236.301422
sub1/U146,AOI221xp5_upper,sub1/U146/Y,1,239.766876
sub1/U147,OAI22xp5_bottom,sub1/U147/Y,1,239.766922
sub1/U149,AOI221xp5_bottom,sub1/U149/Y,1,244.141602
sub1/U150,OAI22xp5_bottom,sub1/U150/Y,1,244.141708
sub1/U152,AOI221xp5_bottom,sub1/U152/Y,1,254.445236
sub1/U153,OAI22xp5_bottom,sub1/U153/Y,1,254.445190
sub1/U155,AOI221xp5_upper,sub1/U155/Y,1,235.914841
sub1/U156,OAI22xp5_upper,sub1/U156/Y,1,235.914841
sub1/U158,AOI221xp5_upper,sub1/U158/Y,1,238.584259
sub1/U159,OAI22xp5_upper,sub1/U159/Y,1,238.584259
sub1/U161,AOI221xp5_bottom,sub1/U161/Y,1,239.111069
sub1/U162,OAI22xp5_upper,sub1/U162/Y,1,239.111115
sub1/U164,AOI221xp5_bottom,sub1/U164/Y,1,232.128372
sub1/U165,OAI22xp5_upper,sub1/U165/Y,1,232.128372
sub1/U167,NAND2xp5_upper,sub1/U167/Y,1,666.809937
sub1/U169,AOI221xp5_upper,sub1/U169/Y,1,238.798477
sub1/U170,OAI22xp5_bottom,sub1/U170/Y,1,238.798477
sub1/U172,NAND2xp5_upper,sub1/U172/Y,1,667.566101
sub1/U174,AOI221xp5_upper,sub1/U174/Y,1,228.127411
sub1/U175,OAI22xp5_upper,sub1/U175/Y,1,228.127518
sub1/U177,NAND2xp5_upper,sub1/U177/Y,1,647.331299
sub1/U179,AOI221xp5_bottom,sub1/U179/Y,1,235.667923
sub1/U180,OAI22xp5_upper,sub1/U180/Y,1,235.667984
sub1/U182,NAND2xp5_bottom,sub1/U182/Y,1,656.197876
sub1/U184,NOR2x1_upper,sub1/U184/Y,4,670.380188
sub1/U185,OAI22xp5_bottom,sub1/U185/Y,1,305.362183
sub1/U186,OAI22xp5_upper,sub1/U186/Y,1,298.138947
sub1/U187,OAI22xp5_bottom,sub1/U187/Y,1,328.277252
sub1/U188,OAI22xp5_bottom,sub1/U188/Y,1,355.740723
sub1/U189,OAI22xp5_bottom,sub1/U189/Y,1,346.579376
sub1/U190,OAI22xp5_upper,sub1/U190/Y,1,324.137878
sub1/U191,OAI22xp5_bottom,sub1/U191/Y,1,330.350677
sub1/U192,OAI22xp5_bottom,sub1/U192/Y,1,317.537659
sub1/U195,AOI21xp5_upper,sub1/U195/Y,1,216.775314
sub1/U196,OAI22xp5_bottom,sub1/U196/Y,1,216.775314
sub1/U198,AOI221xp5_upper,sub1/U198/Y,1,215.231552
sub1/U199,OAI22xp5_upper,sub1/U199/Y,1,215.231552
sub1/U201,AOI21xp5_upper,sub1/U201/Y,1,223.314819
sub1/U202,OAI22xp5_upper,sub1/U202/Y,1,223.314819
sub1/U204,AOI21xp5_upper,sub1/U204/Y,1,224.691605
sub1/U205,OAI22xp5_upper,sub1/U205/Y,1,224.691650
sub1/U207,AOI221xp5_upper,sub1/U207/Y,1,212.490585
sub1/U208,OAI22xp5_upper,sub1/U208/Y,1,212.490585
sub1/U210,AOI21xp5_bottom,sub1/U210/Y,1,220.087234
sub1/U211,OAI22xp5_upper,sub1/U211/Y,1,220.087234
sub1/U213,AOI21xp5_bottom,sub1/U213/Y,1,248.852722
sub1/U214,OAI22xp5_bottom,sub1/U214/Y,1,248.852661
sub1/U216,AOI221xp5_upper,sub1/U216/Y,1,249.306412
sub1/U217,OAI22xp5_bottom,sub1/U217/Y,1,249.306473
sub1/U219,AOI21xp5_upper,sub1/U219/Y,1,248.718597
sub1/U220,OAI22xp5_upper,sub1/U220/Y,1,248.718597
sub1/U222,AOI21xp5_upper,sub1/U222/Y,1,294.172577
sub1/U223,OAI22xp5_upper,sub1/U223/Y,1,294.172516
sub1/U225,AOI221xp5_upper,sub1/U225/Y,1,283.806305
sub1/U226,OAI22xp5_upper,sub1/U226/Y,1,283.806427
sub1/U228,AOI21xp5_upper,sub1/U228/Y,1,292.051483
sub1/U229,OAI22xp5_upper,sub1/U229/Y,1,292.051392
sub1/U231,AOI21xp5_upper,sub1/U231/Y,1,271.738800
sub1/U232,OAI22xp5_upper,sub1/U232/Y,1,271.738861
sub1/U234,AOI221xp5_upper,sub1/U234/Y,1,265.687347
sub1/U235,OAI22xp5_upper,sub1/U235/Y,1,265.687347
sub1/U237,AOI21xp5_bottom,sub1/U237/Y,1,268.051208
sub1/U238,OAI22xp5_upper,sub1/U238/Y,1,268.051147
sub1/U240,AOI21xp5_upper,sub1/U240/Y,1,239.127777
sub1/U241,OAI22xp5_upper,sub1/U241/Y,1,239.127823
sub1/U243,AOI221xp5_upper,sub1/U243/Y,1,228.830505
sub1/U244,OAI22xp5_upper,sub1/U244/Y,1,228.830505
sub1/U246,AOI21xp5_upper,sub1/U246/Y,1,240.958862
sub1/U247,OAI22xp5_upper,sub1/U247/Y,1,240.958755
sub1/U249,AOI21xp5_upper,sub1/U249/Y,1,254.337662
sub1/U250,OAI22xp5_bottom,sub1/U250/Y,1,254.337662
sub1/U252,AOI221xp5_upper,sub1/U252/Y,1,249.183289
sub1/U253,OAI22xp5_bottom,sub1/U253/Y,1,249.183228
sub1/U255,AOI21xp5_upper,sub1/U255/Y,1,253.311981
sub1/U256,OAI22xp5_bottom,sub1/U256/Y,1,253.311935
sub1/U258,AOI21xp5_upper,sub1/U258/Y,1,236.978943
sub1/U259,OAI22xp5_upper,sub1/U259/Y,1,236.978989
sub1/U260,NOR2x1_upper,sub1/U260/Y,8,654.459167
sub1/U262,NAND2xp5_bottom,sub1/U262/Y,8,678.981567
sub1/U263,NAND2xp5_upper,sub1/U263/Y,2,699.024353
sub1/U265,AOI221xp5_upper,sub1/U265/Y,1,234.654526
sub1/U266,OAI22xp5_bottom,sub1/U266/Y,1,234.654465
sub1/U268,NAND2xp5_upper,sub1/U268/Y,8,631.011230
sub1/U270,AOI21xp5_upper,sub1/U270/Y,1,237.615433
sub1/U271,OAI22xp5_upper,sub1/U271/Y,1,237.615479
sub1/U272,AOI21x1_bottom,sub1/U272/Y,8,578.710632
sub1/U273,AND2x6_upper,sub1/U273/Y,57,578.710754
sub1/U274,AO21x1_upper,sub1/U274/Y,8,629.253662
sub1/U277,NOR2x1_upper,sub1/U277/Y,1,642.385620
sub1/U278,AOI21xp5_upper,sub1/U278/Y,1,213.959793
sub1/U279,OAI22xp5_bottom,sub1/U279/Y,1,213.959854
sub1/U281,AOI21xp5_bottom,sub1/U281/Y,1,207.914795
sub1/U282,OAI22xp5_upper,sub1/U282/Y,1,207.914795
sub1/U285,AOI21xp5_bottom,sub1/U285/Y,1,219.640869
sub1/U286,OAI22xp5_bottom,sub1/U286/Y,1,219.640915
sub1/U288,AOI21xp5_upper,sub1/U288/Y,1,209.582352
sub1/U289,OAI22xp5_upper,sub1/U289/Y,1,209.582245
sub1/U292,AOI21xp5_upper,sub1/U292/Y,1,237.947388
sub1/U293,OAI22xp5_upper,sub1/U293/Y,1,237.947433
sub1/U295,AOI21xp5_upper,sub1/U295/Y,1,237.491364
sub1/U296,OAI22xp5_upper,sub1/U296/Y,1,237.491364
sub1/U299,AOI21xp5_upper,sub1/U299/Y,1,283.757782
sub1/U300,OAI22xp5_upper,sub1/U300/Y,1,283.757904
sub1/U302,AOI21xp5_bottom,sub1/U302/Y,1,284.616943
sub1/U303,OAI22xp5_upper,sub1/U303/Y,1,284.617004
sub1/U306,AOI21xp5_bottom,sub1/U306/Y,1,261.032074
sub1/U307,OAI22xp5_upper,sub1/U307/Y,1,261.032043
sub1/U309,AOI21xp5_upper,sub1/U309/Y,1,261.527924
sub1/U310,OAI22xp5_upper,sub1/U310/Y,1,261.527924
sub1/U313,AOI21xp5_upper,sub1/U313/Y,1,238.100983
sub1/U314,OAI22xp5_bottom,sub1/U314/Y,1,238.100983
sub1/U316,AOI21xp5_upper,sub1/U316/Y,1,225.981506
sub1/U317,OAI22xp5_upper,sub1/U317/Y,1,225.981506
sub1/U320,AOI21xp5_upper,sub1/U320/Y,1,245.620468
sub1/U321,OAI22xp5_bottom,sub1/U321/Y,1,245.620529
sub1/U323,AOI21xp5_upper,sub1/U323/Y,1,243.183975
sub1/U324,OAI22xp5_bottom,sub1/U324/Y,1,243.184036
sub1/U327,AOI21xp5_bottom,sub1/U327/Y,1,230.517715
sub1/U328,OAI22xp5_bottom,sub1/U328/Y,1,230.517715
sub1/U330,NAND2xp5_bottom,sub1/U330/Y,8,675.067688
sub1/U332,AOI21xp5_bottom,sub1/U332/Y,1,226.984985
sub1/U333,OAI22xp5_upper,sub1/U333/Y,1,226.985092
sub1/U336,NAND2xp5_upper,sub1/U336/Y,8,643.173523
sub1/U338,NOR2x1_upper,sub1/U338/Y,4,677.257690
sub1/U340,OAI22xp5_upper,sub1/U340/Y,1,282.190063
sub1/U341,OAI22xp5_upper,sub1/U341/Y,1,296.944519
sub1/U342,OAI22xp5_upper,sub1/U342/Y,1,320.762970
sub1/U343,OAI22xp5_bottom,sub1/U343/Y,1,356.004456
sub1/U344,OAI22xp5_bottom,sub1/U344/Y,1,343.121094
sub1/U345,OAI22xp5_upper,sub1/U345/Y,1,319.881683
sub1/U346,OAI22xp5_bottom,sub1/U346/Y,1,328.255981
sub1/U347,OAI22xp5_upper,sub1/U347/Y,1,302.871002
sub1/U351,OAI22xp5_bottom,sub1/U351/Y,1,291.569763
sub1/U352,OAI22xp5_upper,sub1/U352/Y,1,286.944916
sub1/U353,OAI22xp5_bottom,sub1/U353/Y,1,315.454712
sub1/U354,OAI22xp5_bottom,sub1/U354/Y,1,345.669342
sub1/U355,OAI22xp5_bottom,sub1/U355/Y,1,340.742493
sub1/U356,OAI22xp5_upper,sub1/U356/Y,1,311.727600
sub1/U357,OAI22xp5_bottom,sub1/U357/Y,1,319.411957
sub1/U358,OAI22xp5_upper,sub1/U358/Y,1,299.437195
sub1/U361,NOR2x1_upper,sub1/U361/Y,5,695.175476
sub1/U363,OAI22xp5_bottom,sub1/U363/Y,1,290.562805
sub1/U364,OAI22xp5_bottom,sub1/U364/Y,1,289.426483
sub1/U365,OAI22xp5_bottom,sub1/U365/Y,1,316.644775
sub1/U366,OAI22xp5_bottom,sub1/U366/Y,1,345.905762
sub1/U367,OAI22xp5_upper,sub1/U367/Y,1,328.373871
sub1/U368,OAI22xp5_bottom,sub1/U368/Y,1,313.541962
sub1/U369,OAI22xp5_bottom,sub1/U369/Y,1,318.567627
sub1/U370,OAI22xp5_bottom,sub1/U370/Y,1,312.839813
sub1/U373,AND2x2_bottom,sub1/U373/Y,4,678.917847
sub1/U374,NAND2xp5_upper,sub1/U374/Y,1,624.861145
sub1/U375,NAND2xp5_upper,sub1/U375/Y,1,621.524841
sub1/U376,NAND2xp5_upper,sub1/U376/Y,1,621.082031
sub1/U377,NAND2xp5_upper,sub1/U377/Y,1,624.344788
sub1/U378,A2O1A1Ixp33_bottom,sub1/U378/Y,1,625.614197
sub1/U379,OR2x2_upper,sub1/U379/Y,1,670.002686
sub1/U383,NAND2xp5_upper,sub1/U383/Y,2,224.839539
sub1/U384,AND2x2_upper,sub1/U384/Y,4,224.839523
sub1/U385,NOR2x1_upper,sub1/U385/Y,2,239.274597
sub1/U389,NOR2x1_bottom,sub1/U389/Y,6,171.770813
sub1/U386,NAND4xp25_upper,sub1/U386/Y,1,152.857330
sub1/add_246_U1_1_1,HAxp5_upper,sub1/add_246_U1_1_1/CON,1,766.808716
sub1/add_246_U1_1_1,HAxp5_upper,sub1/add_246_U1_1_1/SN,1,822.757385
sub1/add_246_U1_1_2,HAxp5_bottom,sub1/add_246_U1_1_2/CON,1,766.808655
sub1/add_246_U1_1_2,HAxp5_bottom,sub1/add_246_U1_1_2/SN,1,803.838196
sub1/add_246_U1_1_3,HAxp5_upper,sub1/add_246_U1_1_3/CON,1,766.808655
sub1/add_246_U1_1_3,HAxp5_upper,sub1/add_246_U1_1_3/SN,1,775.012939
sub1/U30,NOR3xp33_upper,sub1/U30/Y,1,631.011230
sub1/U33,NOR3xp33_bottom,sub1/U33/Y,4,638.815796
sub1/U36,INVx1_upper,sub1/U36/Y,11,237.491302
sub1/U39,NOR2x1_upper,sub1/U39/Y,13,152.857346
sub1/U42,INVx1_upper,sub1/U42/Y,11,225.981628
sub1/U45,INVx1_upper,sub1/U45/Y,11,209.582184
sub1/U48,INVx1_upper,sub1/U48/Y,11,235.914841
sub1/U51,INVx1_upper,sub1/U51/Y,11,226.984985
sub1/U54,INVx1_bottom,sub1/U54/Y,11,283.757904
sub1/U57,INVx1_upper,sub1/U57/Y,11,261.031921
sub1/U74,INVx1_upper,sub1/U74/Y,11,207.914749
sub1/U79,NAND2x1_upper,sub1/U79/Y,9,667.566101
sub1/U91,NAND2xp5_upper,sub1/U91/Y,1,213.828125
sub1/U94,NAND2xp5_bottom,sub1/U94/Y,1,232.254883
sub1/U100,NAND2xp5_upper,sub1/U100/Y,1,234.301193
sub1/U103,NAND2xp5_upper,sub1/U103/Y,1,236.639313
sub1/U106,NAND2xp5_upper,sub1/U106/Y,1,643.173523
sub1/U109,NAND2xp5_upper,sub1/U109/Y,9,638.815857
sub1/U112,NAND2x1_bottom,sub1/U112/Y,9,679.431824
sub1/U115,NAND2xp5_upper,sub1/U115/Y,1,678.656616
sub1/U118,NAND2x1_upper,sub1/U118/Y,1,701.924805
sub1/U121,NAND2x1_upper,sub1/U121/Y,9,647.331299
sub1/U124,NAND2x1_upper,sub1/U124/Y,9,656.197876
sub1/U127,NAND2x1_upper,sub1/U127/Y,9,631.011230
sub1/U130,NAND2x1_bottom,sub1/U130/Y,9,717.911926
sub1/U133,NAND2xp5_upper,sub1/U133/Y,9,673.746033
sub1/U136,NAND2x1_bottom,sub1/U136/Y,9,721.690796
sub1/U139,NAND2x1_upper,sub1/U139/Y,9,695.175476
sub1/U176,NAND2xp5_upper,sub1/U176/Y,1,241.693390
sub1/U178,NAND2xp5_bottom,sub1/U178/Y,1,224.809921
sub1/U181,NAND2x1p5_bottom,sub1/U181/Y,16,233.396194
sub1/U183,NAND2x1p5_upper,sub1/U183/Y,16,194.303741
sub1/U203,AND2x2_upper,sub1/U203/Y,2,224.809921
sub1/U206,NOR2x1_bottom,sub1/U206/Y,1,45.271065
sub1/U209,AND2x2_bottom,sub1/U209/Y,2,194.303726
sub1/U212,OAI21xp5_upper,sub1/U212/Y,1,50.239590
sub1/U215,AND2x2_upper,sub1/U215/Y,2,241.693390
sub1/U218,AND2x2_upper,sub1/U218/Y,2,233.396194
sub1/U221,OAI22xp5_bottom,sub1/U221/Y,1,46.817829
sub1/U224,OAI22xp5_upper,sub1/U224/Y,1,105.707634
sub1/U227,OAI22xp5_bottom,sub1/U227/Y,1,108.998703
sub1/U230,OR5x1_upper,sub1/U230/Y,1,45.271065
sub1/U233,NOR2x1_bottom,sub1/U233/Y,1,110.382874
sub1/U236,OAI21xp5_bottom,sub1/U236/Y,1,27.638447
sub1/U239,OAI22xp5_bottom,sub1/U239/Y,1,39.292957
sub1/U242,OAI22xp5_upper,sub1/U242/Y,1,113.838608
sub1/U245,OAI22xp5_upper,sub1/U245/Y,1,113.747650
sub1/U248,OR5x1_upper,sub1/U248/Y,1,27.638447
sub1/U251,NAND2xp5_upper,sub1/U251/Y,1,27.638447
sub1/U254,NOR2x1_bottom,sub1/U254/Y,1,-7.176204
sub1/U257,OAI21xp5_bottom,sub1/U257/Y,1,-3.424150
sub1/U261,OAI22xp5_bottom,sub1/U261/Y,1,-2.868261
sub1/U264,OAI22xp5_upper,sub1/U264/Y,1,59.299149
sub1/U267,OAI22xp5_bottom,sub1/U267/Y,1,59.438148
sub1/U269,OR5x1_upper,sub1/U269/Y,1,-7.176204
sub1/U275,NOR2x1_bottom,sub1/U275/Y,1,52.639225
sub1/U276,OAI21xp5_upper,sub1/U276/Y,1,-14.382329
sub1/U280,OAI22xp5_bottom,sub1/U280/Y,1,-9.645118
sub1/U283,OAI22xp5_bottom,sub1/U283/Y,1,61.942699
sub1/U284,OAI22xp5_upper,sub1/U284/Y,1,60.646988
sub1/U287,OR5x1_upper,sub1/U287/Y,1,-14.382329
sub1/U290,NAND2xp5_bottom,sub1/U290/Y,1,-14.382329
sub1/U291,NOR2x1_upper,sub1/U291/Y,1,-10.648260
sub1/U294,OAI21xp5_bottom,sub1/U294/Y,1,-29.023951
sub1/U297,OAI22xp5_bottom,sub1/U297/Y,1,-17.713331
sub1/U298,OAI22xp5_upper,sub1/U298/Y,1,86.264023
sub1/U301,OAI22xp5_upper,sub1/U301/Y,1,85.141891
sub1/U304,OR5x1_bottom,sub1/U304/Y,1,-29.023951
sub1/U305,NOR2x1_bottom,sub1/U305/Y,1,34.397430
sub1/U308,OAI21xp5_bottom,sub1/U308/Y,1,-54.296902
sub1/U311,OAI22xp5_bottom,sub1/U311/Y,1,-40.262184
sub1/U312,OAI22xp5_upper,sub1/U312/Y,1,36.691845
sub1/U315,OAI22xp5_bottom,sub1/U315/Y,1,38.416271
sub1/U318,OR5x1_upper,sub1/U318/Y,1,-54.296902
sub1/U319,NAND2xp5_upper,sub1/U319/Y,1,-54.296902
sub1/U322,NOR2x1_upper,sub1/U322/Y,1,-17.554235
sub1/U325,OAI21xp5_bottom,sub1/U325/Y,1,-33.321625
sub1/U326,OAI22xp5_bottom,sub1/U326/Y,1,-31.778690
sub1/U329,OAI22xp5_upper,sub1/U329/Y,1,80.620735
sub1/U331,OAI22xp5_bottom,sub1/U331/Y,1,80.181000
sub1/U334,OR5x1_bottom,sub1/U334/Y,1,-33.321625
sub1/U335,NOR2x1_bottom,sub1/U335/Y,1,37.464088
sub1/U337,OAI21xp5_upper,sub1/U337/Y,1,-35.610180
sub1/U339,OAI22xp5_bottom,sub1/U339/Y,1,-34.700798
sub1/U348,OAI22xp5_upper,sub1/U348/Y,1,39.273003
sub1/U349,OAI22xp5_upper,sub1/U349/Y,1,37.701733
sub1/U350,OR5x1_bottom,sub1/U350/Y,1,-35.610180
sub1/U359,NAND2xp5_upper,sub1/U359/Y,1,-35.610180
sub1/U360,NOR2x1_bottom,sub1/U360/Y,1,25.426329
sub1/U362,OAI21xp5_upper,sub1/U362/Y,1,15.194790
sub1/U371,OAI22xp5_bottom,sub1/U371/Y,1,20.068836
sub1/U372,OAI22xp5_bottom,sub1/U372/Y,1,124.625145
sub1/U380,OAI22xp5_upper,sub1/U380/Y,1,125.381569
sub1/U381,OR5x1_upper,sub1/U381/Y,1,15.194790
sub1/U382,NOR2x1_upper,sub1/U382/Y,1,78.052094
sub1/U387,OAI21xp5_upper,sub1/U387/Y,1,7.037870
sub1/U388,OAI22xp5_bottom,sub1/U388/Y,1,6.159906
sub1/U524,OAI22xp5_upper,sub1/U524/Y,1,81.869453
sub1/U525,OAI22xp5_bottom,sub1/U525/Y,1,127.633377
sub1/U526,OR5x1_upper,sub1/U526/Y,1,6.159906
sub1/U527,NAND2xp5_bottom,sub1/U527/Y,1,6.159906
sub1/U528,NOR2x1_upper,sub1/U528/Y,1,119.714043
sub1/U529,OAI21xp5_upper,sub1/U529/Y,1,53.947456
sub1/U530,OAI22xp5_bottom,sub1/U530/Y,1,56.824879
sub1/U531,OAI22xp5_bottom,sub1/U531/Y,1,164.160599
sub1/U532,OAI22xp5_bottom,sub1/U532/Y,1,163.572662
sub1/U533,OR5x1_bottom,sub1/U533/Y,1,53.947456
sub1/U534,NOR2x1_bottom,sub1/U534/Y,1,120.294304
sub1/U535,OAI21xp5_upper,sub1/U535/Y,1,47.163219
sub1/U536,OAI22xp5_bottom,sub1/U536/Y,1,44.770077
sub1/U537,OAI22xp5_upper,sub1/U537/Y,1,115.731453
sub1/U538,OAI22xp5_upper,sub1/U538/Y,1,161.849457
sub1/U539,OR5x1_bottom,sub1/U539/Y,1,44.770077
sub1/U540,NAND2xp5_upper,sub1/U540/Y,1,44.770077
sub1/U541,NOR2x1_bottom,sub1/U541/Y,1,55.657089
sub1/U542,OAI21xp5_upper,sub1/U542/Y,1,-16.695368
sub1/U543,OAI22xp5_upper,sub1/U543/Y,1,-15.114244
sub1/U544,OAI22xp5_bottom,sub1/U544/Y,1,145.843704
sub1/U545,OAI22xp5_bottom,sub1/U545/Y,1,96.086555
sub1/U546,OR5x1_upper,sub1/U546/Y,1,-16.695368
sub1/U547,NOR2x1_bottom,sub1/U547/Y,1,57.200993
sub1/U548,OAI21xp5_upper,sub1/U548/Y,1,-11.110168
sub1/U549,OAI22xp5_upper,sub1/U549/Y,1,-18.634094
sub1/U550,OAI22xp5_upper,sub1/U550/Y,1,107.213181
sub1/U551,OAI22xp5_upper,sub1/U551/Y,1,107.141075
sub1/U552,OR5x1_bottom,sub1/U552/Y,1,-18.634094
sub1/U553,NAND2xp5_bottom,sub1/U553/Y,1,-18.634094
sub1/U554,OAI22xp5_upper,sub1/U554/Y,1,117.100914
sub1/U555,OAI21xp5_bottom,sub1/U555/Y,1,66.116531
sub1/U556,OAI222xp33_upper,sub1/U556/Y,1,-34.362846
sub1/U557,OAI22xp5_upper,sub1/U557/Y,1,60.859318
sub1/U558,OR4x1_bottom,sub1/U558/Y,1,-34.362846
sub1/U559,NOR2x1_bottom,sub1/U559/Y,1,62.820858
sub1/U560,OAI21xp5_bottom,sub1/U560/Y,1,-23.809954
sub1/U561,OAI22xp5_upper,sub1/U561/Y,1,-14.914458
sub1/U562,OAI22xp5_upper,sub1/U562/Y,1,62.732929
sub1/U563,OAI22xp5_bottom,sub1/U563/Y,1,61.113392
sub1/U564,OR5x1_bottom,sub1/U564/Y,1,-23.809954
sub1/U565,NAND2xp5_upper,sub1/U565/Y,1,-34.362846
sub1/U566,INVx1_upper,sub1/U566/Y,4,194.303741
sub1/U567,NAND4xp75_upper,sub1/U567/Y,10,642.385620
sub1/U568,XNOR2xp5_upper,sub1/U568/Y,1,766.808777
sub1/U569,INVx1_upper,sub1/U569/Y,1,822.757324
sub1/U570,INVx1_bottom,sub1/U570/Y,1,766.808655
sub1/U571,INVx1_bottom,sub1/U571/Y,1,803.838196
sub1/U572,INVx1_upper,sub1/U572/Y,1,766.808655
sub1/U573,INVx1_upper,sub1/U573/Y,1,775.012939
sub1/U574,INVx1_upper,sub1/U574/Y,8,678.656616
sub1/U575,INVx1_bottom,sub1/U575/Y,8,701.924866
sub1/U576,INVx1_bottom,sub1/U576/Y,3,224.839539
sub1/U577,INVx1_bottom,sub1/U577/Y,1,699.024353
sub1/U578,INVx3_upper,sub1/U578/Y,35,152.857346
sub1/U579,INVx1_upper,sub1/U579/Y,9,159.147751
sub1/U580,INVx1_bottom,sub1/U580/Y,8,721.690796
sub1/U581,INVx1_bottom,sub1/U581/Y,8,695.175476
sub1/U582,INVx1_upper,sub1/U582/Y,4,196.157425
sub1/U583,INVx2_upper,sub1/U583/Y,12,152.857330
mix1/FE_PHC386_reset,BUFx2_upper,mix1/FE_PHC386_reset/Y,1,942.896851
mix1/FE_OFC80_FE_DBTN91_n9,BUFx5_upper,mix1/FE_OFC80_FE_DBTN91_n9/Y,42,200.711227
mix1/FE_OFC79_FE_DBTN91_n9,BUFx2_upper,mix1/FE_OFC79_FE_DBTN91_n9/Y,16,220.044067
mix1/FE_OFC78_n622,BUFx8_bottom,mix1/FE_OFC78_n622/Y,67,525.650330
mix1/FE_OFC77_n622,BUFx4_bottom,mix1/FE_OFC77_n622/Y,48,525.650330
mix1/FE_OFC76_n622,BUFx2_bottom,mix1/FE_OFC76_n622/Y,14,603.618408
mix1/FE_OFC75_n9,BUFx3_upper,mix1/FE_OFC75_n9/Y,31,200.711197
mix1/FE_OFC61_n1,BUFx8_bottom,mix1/FE_OFC61_n1/Y,71,525.650330
mix1/FE_OFC60_n1,BUFx4_upper,mix1/FE_OFC60_n1/Y,40,525.650330
mix1/FE_OFC59_n1,BUFx2_upper,mix1/FE_OFC59_n1/Y,20,525.650330
mix1/FE_OFC44_FE_DBTN92_n7,BUFx8_upper,mix1/FE_OFC44_FE_DBTN92_n7/Y,59,347.450317
mix1/FE_OFC43_FE_DBTN93_n5,BUFx8_upper,mix1/FE_OFC43_FE_DBTN93_n5/Y,66,368.845276
mix1/FE_OFC37_n7,BUFx3_upper,mix1/FE_OFC37_n7/Y,30,347.450287
mix1/FE_OFC36_n5,BUFx3_upper,mix1/FE_OFC36_n5/Y,31,368.845215
mix1/FE_OFC27_FE_OFN2_reset,BUFx3_upper,mix1/FE_OFC27_FE_OFN2_reset/Y,18,858.081665
mix1/FE_OFC2_reset,BUFx3_bottom,mix1/FE_OFC2_reset/Y,17,858.081604
mix1/FE_DBTC93_n5,INVx1_upper,mix1/FE_DBTC93_n5/Y,1,368.845245
mix1/FE_DBTC92_n7,INVx1_upper,mix1/FE_DBTC92_n7/Y,7,347.450287
mix1/FE_DBTC91_n9,INVx1_upper,mix1/FE_DBTC91_n9/Y,8,200.711258
mix1/state_reg_0_,DFFASRHQNx1_bottom,mix1/state_reg_0_/QN,3,313.464874
mix1/state_reg_1_,DFFASRHQNx1_bottom,mix1/state_reg_1_/QN,3,315.540802
mix1/ready_o_reg,DFFASRHQNx1_upper,mix1/ready_o_reg/QN,2,334.085938
mix1/data_o_reg_reg_0_,DFFASRHQNx1_bottom,mix1/data_o_reg_reg_0_/QN,3,405.766876
mix1/data_reg_reg_96_,DFFASRHQNx1_bottom,mix1/data_reg_reg_96_/QN,2,882.041138
mix1/data_o_reg_reg_96_,DFFASRHQNx1_upper,mix1/data_o_reg_reg_96_/QN,3,398.117981
mix1/data_reg_reg_64_,DFFASRHQNx1_upper,mix1/data_reg_reg_64_/QN,2,876.925842
mix1/data_o_reg_reg_64_,DFFASRHQNx1_upper,mix1/data_o_reg_reg_64_/QN,3,415.207794
mix1/data_reg_reg_32_,DFFASRHQNx1_bottom,mix1/data_reg_reg_32_/QN,2,883.288330
mix1/data_o_reg_reg_32_,DFFASRHQNx1_upper,mix1/data_o_reg_reg_32_/QN,3,406.374939
mix1/data_o_reg_reg_1_,DFFASRHQNx1_bottom,mix1/data_o_reg_reg_1_/QN,3,357.477661
mix1/data_reg_reg_97_,DFFASRHQNx1_upper,mix1/data_reg_reg_97_/QN,2,890.486145
mix1/data_o_reg_reg_97_,DFFASRHQNx1_upper,mix1/data_o_reg_reg_97_/QN,3,344.882446
mix1/data_reg_reg_65_,DFFASRHQNx1_upper,mix1/data_reg_reg_65_/QN,2,878.554504
mix1/data_o_reg_reg_65_,DFFASRHQNx1_upper,mix1/data_o_reg_reg_65_/QN,3,358.526215
mix1/data_reg_reg_33_,DFFASRHQNx1_upper,mix1/data_reg_reg_33_/QN,2,889.277771
mix1/data_o_reg_reg_33_,DFFASRHQNx1_bottom,mix1/data_o_reg_reg_33_/QN,3,360.405548
mix1/data_o_reg_reg_2_,DFFASRHQNx1_upper,mix1/data_o_reg_reg_2_/QN,3,318.252594
mix1/data_reg_reg_98_,DFFASRHQNx1_bottom,mix1/data_reg_reg_98_/QN,2,889.970459
mix1/data_o_reg_reg_98_,DFFASRHQNx1_upper,mix1/data_o_reg_reg_98_/QN,3,311.259247
mix1/data_reg_reg_66_,DFFASRHQNx1_upper,mix1/data_reg_reg_66_/QN,2,895.738953
mix1/data_o_reg_reg_66_,DFFASRHQNx1_bottom,mix1/data_o_reg_reg_66_/QN,3,318.972351
mix1/data_reg_reg_34_,DFFASRHQNx1_upper,mix1/data_reg_reg_34_/QN,2,894.273499
mix1/data_o_reg_reg_34_,DFFASRHQNx1_upper,mix1/data_o_reg_reg_34_/QN,3,312.432587
mix1/data_o_reg_reg_3_,DFFASRHQNx1_upper,mix1/data_o_reg_reg_3_/QN,3,313.823090
mix1/data_reg_reg_99_,DFFASRHQNx1_upper,mix1/data_reg_reg_99_/QN,2,896.385010
mix1/data_o_reg_reg_99_,DFFASRHQNx1_upper,mix1/data_o_reg_reg_99_/QN,3,313.966888
mix1/data_reg_reg_67_,DFFASRHQNx1_upper,mix1/data_reg_reg_67_/QN,2,896.150940
mix1/data_o_reg_reg_67_,DFFASRHQNx1_bottom,mix1/data_o_reg_reg_67_/QN,3,321.361328
mix1/data_reg_reg_35_,DFFASRHQNx1_upper,mix1/data_reg_reg_35_/QN,2,888.597351
mix1/data_o_reg_reg_35_,DFFASRHQNx1_upper,mix1/data_o_reg_reg_35_/QN,3,309.262756
mix1/data_o_reg_reg_4_,DFFASRHQNx1_bottom,mix1/data_o_reg_reg_4_/QN,3,361.442444
mix1/data_reg_reg_100_,DFFASRHQNx1_bottom,mix1/data_reg_reg_100_/QN,2,891.971313
mix1/data_o_reg_reg_100_,DFFASRHQNx1_upper,mix1/data_o_reg_reg_100_/QN,3,354.435669
mix1/data_reg_reg_68_,DFFASRHQNx1_upper,mix1/data_reg_reg_68_/QN,2,895.713318
mix1/data_o_reg_reg_68_,DFFASRHQNx1_upper,mix1/data_o_reg_reg_68_/QN,3,355.237549
mix1/data_reg_reg_36_,DFFASRHQNx1_upper,mix1/data_reg_reg_36_/QN,2,895.460449
mix1/data_o_reg_reg_36_,DFFASRHQNx1_upper,mix1/data_o_reg_reg_36_/QN,3,354.257019
mix1/data_o_reg_reg_5_,DFFASRHQNx1_bottom,mix1/data_o_reg_reg_5_/QN,3,393.507294
mix1/data_reg_reg_101_,DFFASRHQNx1_upper,mix1/data_reg_reg_101_/QN,2,895.785828
mix1/data_o_reg_reg_101_,DFFASRHQNx1_upper,mix1/data_o_reg_reg_101_/QN,3,392.676178
mix1/data_reg_reg_69_,DFFASRHQNx1_upper,mix1/data_reg_reg_69_/QN,2,894.352722
mix1/data_o_reg_reg_69_,DFFASRHQNx1_bottom,mix1/data_o_reg_reg_69_/QN,3,388.130341
mix1/data_reg_reg_37_,DFFASRHQNx1_upper,mix1/data_reg_reg_37_/QN,2,894.772766
mix1/data_o_reg_reg_37_,DFFASRHQNx1_bottom,mix1/data_o_reg_reg_37_/QN,3,397.331421
mix1/data_o_reg_reg_6_,DFFASRHQNx1_bottom,mix1/data_o_reg_reg_6_/QN,3,328.765228
mix1/data_reg_reg_102_,DFFASRHQNx1_upper,mix1/data_reg_reg_102_/QN,2,893.534790
mix1/data_o_reg_reg_102_,DFFASRHQNx1_bottom,mix1/data_o_reg_reg_102_/QN,3,330.730377
mix1/data_reg_reg_70_,DFFASRHQNx1_upper,mix1/data_reg_reg_70_/QN,2,895.544983
mix1/data_o_reg_reg_70_,DFFASRHQNx1_bottom,mix1/data_o_reg_reg_70_/QN,3,331.091705
mix1/data_reg_reg_38_,DFFASRHQNx1_bottom,mix1/data_reg_reg_38_/QN,2,888.922180
mix1/data_o_reg_reg_38_,DFFASRHQNx1_upper,mix1/data_o_reg_reg_38_/QN,3,326.237549
mix1/data_o_reg_reg_7_,DFFASRHQNx1_bottom,mix1/data_o_reg_reg_7_/QN,3,355.779449
mix1/data_reg_reg_103_,DFFASRHQNx1_upper,mix1/data_reg_reg_103_/QN,2,895.573975
mix1/data_o_reg_reg_103_,DFFASRHQNx1_upper,mix1/data_o_reg_reg_103_/QN,3,340.119934
mix1/data_reg_reg_71_,DFFASRHQNx1_upper,mix1/data_reg_reg_71_/QN,2,895.748291
mix1/data_o_reg_reg_71_,DFFASRHQNx1_bottom,mix1/data_o_reg_reg_71_/QN,3,341.770050
mix1/data_reg_reg_39_,DFFASRHQNx1_upper,mix1/data_reg_reg_39_/QN,2,886.114075
mix1/data_o_reg_reg_39_,DFFASRHQNx1_upper,mix1/data_o_reg_reg_39_/QN,3,349.918610
mix1/data_o_reg_reg_8_,DFFASRHQNx1_upper,mix1/data_o_reg_reg_8_/QN,3,404.926544
mix1/data_reg_reg_104_,DFFASRHQNx1_upper,mix1/data_reg_reg_104_/QN,2,888.334290
mix1/data_o_reg_reg_104_,DFFASRHQNx1_bottom,mix1/data_o_reg_reg_104_/QN,3,402.132782
mix1/data_reg_reg_72_,DFFASRHQNx1_bottom,mix1/data_reg_reg_72_/QN,2,885.198792
mix1/data_o_reg_reg_72_,DFFASRHQNx1_bottom,mix1/data_o_reg_reg_72_/QN,3,396.115234
mix1/data_reg_reg_40_,DFFASRHQNx1_upper,mix1/data_reg_reg_40_/QN,2,888.636414
mix1/data_o_reg_reg_40_,DFFASRHQNx1_bottom,mix1/data_o_reg_reg_40_/QN,3,410.600159
mix1/data_o_reg_reg_9_,DFFASRHQNx1_upper,mix1/data_o_reg_reg_9_/QN,3,351.341431
mix1/data_reg_reg_105_,DFFASRHQNx1_bottom,mix1/data_reg_reg_105_/QN,2,884.153992
mix1/data_o_reg_reg_105_,DFFASRHQNx1_upper,mix1/data_o_reg_reg_105_/QN,3,340.004425
mix1/data_reg_reg_73_,DFFASRHQNx1_bottom,mix1/data_reg_reg_73_/QN,2,882.182861
mix1/data_o_reg_reg_73_,DFFASRHQNx1_bottom,mix1/data_o_reg_reg_73_/QN,3,348.982544
mix1/data_reg_reg_41_,DFFASRHQNx1_bottom,mix1/data_reg_reg_41_/QN,2,871.051331
mix1/data_o_reg_reg_41_,DFFASRHQNx1_upper,mix1/data_o_reg_reg_41_/QN,3,352.122467
mix1/data_o_reg_reg_10_,DFFASRHQNx1_upper,mix1/data_o_reg_reg_10_/QN,3,335.058105
mix1/data_reg_reg_106_,DFFASRHQNx1_upper,mix1/data_reg_reg_106_/QN,2,888.598694
mix1/data_o_reg_reg_106_,DFFASRHQNx1_bottom,mix1/data_o_reg_reg_106_/QN,3,324.482971
mix1/data_reg_reg_74_,DFFASRHQNx1_upper,mix1/data_reg_reg_74_/QN,2,889.272766
mix1/data_o_reg_reg_74_,DFFASRHQNx1_upper,mix1/data_o_reg_reg_74_/QN,3,321.643982
mix1/data_reg_reg_42_,DFFASRHQNx1_upper,mix1/data_reg_reg_42_/QN,2,880.055237
mix1/data_o_reg_reg_42_,DFFASRHQNx1_upper,mix1/data_o_reg_reg_42_/QN,3,333.782959
mix1/data_o_reg_reg_11_,DFFASRHQNx1_upper,mix1/data_o_reg_reg_11_/QN,3,328.270172
mix1/data_reg_reg_107_,DFFASRHQNx1_bottom,mix1/data_reg_reg_107_/QN,2,884.398499
mix1/data_o_reg_reg_107_,DFFASRHQNx1_upper,mix1/data_o_reg_reg_107_/QN,3,322.937897
mix1/data_reg_reg_75_,DFFASRHQNx1_bottom,mix1/data_reg_reg_75_/QN,2,881.490479
mix1/data_o_reg_reg_75_,DFFASRHQNx1_upper,mix1/data_o_reg_reg_75_/QN,3,317.314301
mix1/data_reg_reg_43_,DFFASRHQNx1_upper,mix1/data_reg_reg_43_/QN,2,889.605042
mix1/data_o_reg_reg_43_,DFFASRHQNx1_bottom,mix1/data_o_reg_reg_43_/QN,3,322.724243
mix1/data_o_reg_reg_12_,DFFASRHQNx1_bottom,mix1/data_o_reg_reg_12_/QN,3,364.965698
mix1/data_reg_reg_108_,DFFASRHQNx1_upper,mix1/data_reg_reg_108_/QN,2,887.312256
mix1/data_o_reg_reg_108_,DFFASRHQNx1_upper,mix1/data_o_reg_reg_108_/QN,3,361.744843
mix1/data_reg_reg_76_,DFFASRHQNx1_upper,mix1/data_reg_reg_76_/QN,2,888.340820
mix1/data_o_reg_reg_76_,DFFASRHQNx1_bottom,mix1/data_o_reg_reg_76_/QN,3,367.228424
mix1/data_reg_reg_44_,DFFASRHQNx1_upper,mix1/data_reg_reg_44_/QN,2,878.446411
mix1/data_o_reg_reg_44_,DFFASRHQNx1_upper,mix1/data_o_reg_reg_44_/QN,3,373.465607
mix1/data_o_reg_reg_13_,DFFASRHQNx1_upper,mix1/data_o_reg_reg_13_/QN,3,407.685638
mix1/data_reg_reg_109_,DFFASRHQNx1_upper,mix1/data_reg_reg_109_/QN,2,889.992615
mix1/data_o_reg_reg_109_,DFFASRHQNx1_upper,mix1/data_o_reg_reg_109_/QN,3,407.943298
mix1/data_reg_reg_77_,DFFASRHQNx1_upper,mix1/data_reg_reg_77_/QN,2,889.883789
mix1/data_o_reg_reg_77_,DFFASRHQNx1_upper,mix1/data_o_reg_reg_77_/QN,3,405.237518
mix1/data_reg_reg_45_,DFFASRHQNx1_bottom,mix1/data_reg_reg_45_/QN,2,875.006042
mix1/data_o_reg_reg_45_,DFFASRHQNx1_upper,mix1/data_o_reg_reg_45_/QN,3,413.691345
mix1/data_o_reg_reg_14_,DFFASRHQNx1_upper,mix1/data_o_reg_reg_14_/QN,3,338.441345
mix1/data_reg_reg_110_,DFFASRHQNx1_upper,mix1/data_reg_reg_110_/QN,2,889.960999
mix1/data_o_reg_reg_110_,DFFASRHQNx1_bottom,mix1/data_o_reg_reg_110_/QN,3,346.765686
mix1/data_reg_reg_78_,DFFASRHQNx1_upper,mix1/data_reg_reg_78_/QN,2,887.286255
mix1/data_o_reg_reg_78_,DFFASRHQNx1_upper,mix1/data_o_reg_reg_78_/QN,3,349.770813
mix1/data_reg_reg_46_,DFFASRHQNx1_upper,mix1/data_reg_reg_46_/QN,2,875.740540
mix1/data_o_reg_reg_46_,DFFASRHQNx1_upper,mix1/data_o_reg_reg_46_/QN,3,352.479675
mix1/data_o_reg_reg_15_,DFFASRHQNx1_upper,mix1/data_o_reg_reg_15_/QN,3,351.307587
mix1/data_reg_reg_111_,DFFASRHQNx1_bottom,mix1/data_reg_reg_111_/QN,2,886.010742
mix1/data_o_reg_reg_111_,DFFASRHQNx1_upper,mix1/data_o_reg_reg_111_/QN,3,349.661346
mix1/data_reg_reg_79_,DFFASRHQNx1_upper,mix1/data_reg_reg_79_/QN,2,887.502991
mix1/data_o_reg_reg_79_,DFFASRHQNx1_bottom,mix1/data_o_reg_reg_79_/QN,3,339.714539
mix1/data_reg_reg_47_,DFFASRHQNx1_upper,mix1/data_reg_reg_47_/QN,2,875.893005
mix1/data_o_reg_reg_47_,DFFASRHQNx1_upper,mix1/data_o_reg_reg_47_/QN,3,339.420013
mix1/data_o_reg_reg_16_,DFFASRHQNx1_bottom,mix1/data_o_reg_reg_16_/QN,3,405.393707
mix1/data_reg_reg_112_,DFFASRHQNx1_upper,mix1/data_reg_reg_112_/QN,2,887.083801
mix1/data_o_reg_reg_112_,DFFASRHQNx1_upper,mix1/data_o_reg_reg_112_/QN,3,397.414062
mix1/data_reg_reg_80_,DFFASRHQNx1_bottom,mix1/data_reg_reg_80_/QN,2,892.457581
mix1/data_o_reg_reg_80_,DFFASRHQNx1_bottom,mix1/data_o_reg_reg_80_/QN,3,398.947327
mix1/data_reg_reg_48_,DFFASRHQNx1_bottom,mix1/data_reg_reg_48_/QN,2,884.621155
mix1/data_o_reg_reg_48_,DFFASRHQNx1_upper,mix1/data_o_reg_reg_48_/QN,3,394.113403
mix1/data_o_reg_reg_17_,DFFASRHQNx1_upper,mix1/data_o_reg_reg_17_/QN,3,342.425110
mix1/data_reg_reg_113_,DFFASRHQNx1_upper,mix1/data_reg_reg_113_/QN,2,892.440186
mix1/data_o_reg_reg_113_,DFFASRHQNx1_upper,mix1/data_o_reg_reg_113_/QN,3,347.874634
mix1/data_reg_reg_81_,DFFASRHQNx1_upper,mix1/data_reg_reg_81_/QN,2,895.579285
mix1/data_o_reg_reg_81_,DFFASRHQNx1_bottom,mix1/data_o_reg_reg_81_/QN,3,349.607178
mix1/data_reg_reg_49_,DFFASRHQNx1_upper,mix1/data_reg_reg_49_/QN,2,895.188049
mix1/data_o_reg_reg_49_,DFFASRHQNx1_bottom,mix1/data_o_reg_reg_49_/QN,3,345.941803
mix1/data_o_reg_reg_18_,DFFASRHQNx1_upper,mix1/data_o_reg_reg_18_/QN,3,313.286377
mix1/data_reg_reg_114_,DFFASRHQNx1_upper,mix1/data_reg_reg_114_/QN,2,895.342102
mix1/data_o_reg_reg_114_,DFFASRHQNx1_bottom,mix1/data_o_reg_reg_114_/QN,3,308.606506
mix1/data_reg_reg_82_,DFFASRHQNx1_upper,mix1/data_reg_reg_82_/QN,2,893.798401
mix1/data_o_reg_reg_82_,DFFASRHQNx1_bottom,mix1/data_o_reg_reg_82_/QN,3,312.802216
mix1/data_reg_reg_50_,DFFASRHQNx1_upper,mix1/data_reg_reg_50_/QN,2,894.638916
mix1/data_o_reg_reg_50_,DFFASRHQNx1_bottom,mix1/data_o_reg_reg_50_/QN,3,314.687469
mix1/data_o_reg_reg_19_,DFFASRHQNx1_upper,mix1/data_o_reg_reg_19_/QN,3,308.748535
mix1/data_reg_reg_115_,DFFASRHQNx1_upper,mix1/data_reg_reg_115_/QN,2,894.723267
mix1/data_o_reg_reg_115_,DFFASRHQNx1_upper,mix1/data_o_reg_reg_115_/QN,3,298.754303
mix1/data_reg_reg_83_,DFFASRHQNx1_upper,mix1/data_reg_reg_83_/QN,2,894.239990
mix1/data_o_reg_reg_83_,DFFASRHQNx1_bottom,mix1/data_o_reg_reg_83_/QN,3,308.175720
mix1/data_reg_reg_51_,DFFASRHQNx1_bottom,mix1/data_reg_reg_51_/QN,2,888.860840
mix1/data_o_reg_reg_51_,DFFASRHQNx1_upper,mix1/data_o_reg_reg_51_/QN,3,295.532776
mix1/data_o_reg_reg_20_,DFFASRHQNx1_upper,mix1/data_o_reg_reg_20_/QN,3,345.358032
mix1/data_reg_reg_116_,DFFASRHQNx1_upper,mix1/data_reg_reg_116_/QN,2,895.540161
mix1/data_o_reg_reg_116_,DFFASRHQNx1_upper,mix1/data_o_reg_reg_116_/QN,3,346.021240
mix1/data_reg_reg_84_,DFFASRHQNx1_bottom,mix1/data_reg_reg_84_/QN,2,889.851746
mix1/data_o_reg_reg_84_,DFFASRHQNx1_bottom,mix1/data_o_reg_reg_84_/QN,3,361.675690
mix1/data_reg_reg_52_,DFFASRHQNx1_upper,mix1/data_reg_reg_52_/QN,2,894.986145
mix1/data_o_reg_reg_52_,DFFASRHQNx1_bottom,mix1/data_o_reg_reg_52_/QN,3,359.880188
mix1/data_o_reg_reg_21_,DFFASRHQNx1_upper,mix1/data_o_reg_reg_21_/QN,3,392.311218
mix1/data_reg_reg_117_,DFFASRHQNx1_upper,mix1/data_reg_reg_117_/QN,2,896.523987
mix1/data_o_reg_reg_117_,DFFASRHQNx1_upper,mix1/data_o_reg_reg_117_/QN,3,383.668640
mix1/data_reg_reg_85_,DFFASRHQNx1_upper,mix1/data_reg_reg_85_/QN,2,896.246399
mix1/data_o_reg_reg_85_,DFFASRHQNx1_upper,mix1/data_o_reg_reg_85_/QN,3,383.120972
mix1/data_reg_reg_53_,DFFASRHQNx1_upper,mix1/data_reg_reg_53_/QN,2,896.229187
mix1/data_o_reg_reg_53_,DFFASRHQNx1_upper,mix1/data_o_reg_reg_53_/QN,3,392.552856
mix1/data_o_reg_reg_22_,DFFASRHQNx1_upper,mix1/data_o_reg_reg_22_/QN,3,326.725769
mix1/data_reg_reg_118_,DFFASRHQNx1_bottom,mix1/data_reg_reg_118_/QN,2,888.188904
mix1/data_o_reg_reg_118_,DFFASRHQNx1_upper,mix1/data_o_reg_reg_118_/QN,3,324.490814
mix1/data_reg_reg_86_,DFFASRHQNx1_upper,mix1/data_reg_reg_86_/QN,2,891.765015
mix1/data_o_reg_reg_86_,DFFASRHQNx1_upper,mix1/data_o_reg_reg_86_/QN,3,321.915955
mix1/data_reg_reg_54_,DFFASRHQNx1_upper,mix1/data_reg_reg_54_/QN,2,894.849976
mix1/data_o_reg_reg_54_,DFFASRHQNx1_bottom,mix1/data_o_reg_reg_54_/QN,3,330.102448
mix1/data_o_reg_reg_23_,DFFASRHQNx1_bottom,mix1/data_o_reg_reg_23_/QN,3,344.044250
mix1/data_reg_reg_119_,DFFASRHQNx1_upper,mix1/data_reg_reg_119_/QN,2,892.906189
mix1/data_o_reg_reg_119_,DFFASRHQNx1_upper,mix1/data_o_reg_reg_119_/QN,3,324.597565
mix1/data_reg_reg_87_,DFFASRHQNx1_upper,mix1/data_reg_reg_87_/QN,2,894.602173
mix1/data_o_reg_reg_87_,DFFASRHQNx1_upper,mix1/data_o_reg_reg_87_/QN,3,335.498199
mix1/data_reg_reg_55_,DFFASRHQNx1_upper,mix1/data_reg_reg_55_/QN,2,893.663757
mix1/data_o_reg_reg_55_,DFFASRHQNx1_upper,mix1/data_o_reg_reg_55_/QN,3,336.703186
mix1/data_o_reg_reg_24_,DFFASRHQNx1_upper,mix1/data_o_reg_reg_24_/QN,3,409.113861
mix1/data_reg_reg_120_,DFFASRHQNx1_upper,mix1/data_reg_reg_120_/QN,2,890.352600
mix1/data_o_reg_reg_120_,DFFASRHQNx1_bottom,mix1/data_o_reg_reg_120_/QN,3,377.344177
mix1/data_reg_reg_88_,DFFASRHQNx1_upper,mix1/data_reg_reg_88_/QN,2,887.383240
mix1/data_o_reg_reg_88_,DFFASRHQNx1_upper,mix1/data_o_reg_reg_88_/QN,3,386.576263
mix1/data_reg_reg_56_,DFFASRHQNx1_bottom,mix1/data_reg_reg_56_/QN,2,884.610107
mix1/data_o_reg_reg_56_,DFFASRHQNx1_bottom,mix1/data_o_reg_reg_56_/QN,3,416.054352
mix1/data_o_reg_reg_25_,DFFASRHQNx1_bottom,mix1/data_o_reg_reg_25_/QN,3,362.518280
mix1/data_reg_reg_121_,DFFASRHQNx1_bottom,mix1/data_reg_reg_121_/QN,2,884.875183
mix1/data_o_reg_reg_121_,DFFASRHQNx1_upper,mix1/data_o_reg_reg_121_/QN,3,331.244690
mix1/data_reg_reg_89_,DFFASRHQNx1_bottom,mix1/data_reg_reg_89_/QN,2,882.722229
mix1/data_o_reg_reg_89_,DFFASRHQNx1_upper,mix1/data_o_reg_reg_89_/QN,3,339.067810
mix1/data_reg_reg_57_,DFFASRHQNx1_upper,mix1/data_reg_reg_57_/QN,2,890.207336
mix1/data_o_reg_reg_57_,DFFASRHQNx1_bottom,mix1/data_o_reg_reg_57_/QN,3,363.102539
mix1/data_o_reg_reg_26_,DFFASRHQNx1_upper,mix1/data_o_reg_reg_26_/QN,3,335.082397
mix1/data_reg_reg_122_,DFFASRHQNx1_bottom,mix1/data_reg_reg_122_/QN,2,881.492126
mix1/data_o_reg_reg_122_,DFFASRHQNx1_upper,mix1/data_o_reg_reg_122_/QN,3,290.225891
mix1/data_reg_reg_90_,DFFASRHQNx1_bottom,mix1/data_reg_reg_90_/QN,2,883.786377
mix1/data_o_reg_reg_90_,DFFASRHQNx1_upper,mix1/data_o_reg_reg_90_/QN,3,306.678345
mix1/data_reg_reg_58_,DFFASRHQNx1_upper,mix1/data_reg_reg_58_/QN,2,873.609924
mix1/data_o_reg_reg_58_,DFFASRHQNx1_upper,mix1/data_o_reg_reg_58_/QN,3,331.255890
mix1/data_o_reg_reg_27_,DFFASRHQNx1_bottom,mix1/data_o_reg_reg_27_/QN,3,330.563629
mix1/data_reg_reg_123_,DFFASRHQNx1_upper,mix1/data_reg_reg_123_/QN,2,888.232910
mix1/data_o_reg_reg_123_,DFFASRHQNx1_upper,mix1/data_o_reg_reg_123_/QN,3,309.691315
mix1/data_reg_reg_91_,DFFASRHQNx1_upper,mix1/data_reg_reg_91_/QN,2,888.016541
mix1/data_o_reg_reg_91_,DFFASRHQNx1_bottom,mix1/data_o_reg_reg_91_/QN,3,312.355652
mix1/data_reg_reg_59_,DFFASRHQNx1_bottom,mix1/data_reg_reg_59_/QN,2,882.677368
mix1/data_o_reg_reg_59_,DFFASRHQNx1_bottom,mix1/data_o_reg_reg_59_/QN,3,313.241943
mix1/data_o_reg_reg_28_,DFFASRHQNx1_bottom,mix1/data_o_reg_reg_28_/QN,3,363.132477
mix1/data_reg_reg_124_,DFFASRHQNx1_bottom,mix1/data_reg_reg_124_/QN,2,882.285950
mix1/data_o_reg_reg_124_,DFFASRHQNx1_bottom,mix1/data_o_reg_reg_124_/QN,3,359.108185
mix1/data_reg_reg_92_,DFFASRHQNx1_upper,mix1/data_reg_reg_92_/QN,2,888.293335
mix1/data_o_reg_reg_92_,DFFASRHQNx1_upper,mix1/data_o_reg_reg_92_/QN,3,351.592926
mix1/data_reg_reg_60_,DFFASRHQNx1_bottom,mix1/data_reg_reg_60_/QN,2,882.161255
mix1/data_o_reg_reg_60_,DFFASRHQNx1_upper,mix1/data_o_reg_reg_60_/QN,3,358.043060
mix1/data_o_reg_reg_29_,DFFASRHQNx1_bottom,mix1/data_o_reg_reg_29_/QN,3,395.124115
mix1/data_reg_reg_125_,DFFASRHQNx1_upper,mix1/data_reg_reg_125_/QN,2,887.908508
mix1/data_o_reg_reg_125_,DFFASRHQNx1_bottom,mix1/data_o_reg_reg_125_/QN,3,390.045380
mix1/data_reg_reg_93_,DFFASRHQNx1_bottom,mix1/data_reg_reg_93_/QN,2,879.605225
mix1/data_o_reg_reg_93_,DFFASRHQNx1_upper,mix1/data_o_reg_reg_93_/QN,3,387.117401
mix1/data_reg_reg_61_,DFFASRHQNx1_bottom,mix1/data_reg_reg_61_/QN,2,875.212463
mix1/data_o_reg_reg_61_,DFFASRHQNx1_upper,mix1/data_o_reg_reg_61_/QN,3,410.580963
mix1/data_o_reg_reg_30_,DFFASRHQNx1_upper,mix1/data_o_reg_reg_30_/QN,3,321.233521
mix1/data_reg_reg_126_,DFFASRHQNx1_bottom,mix1/data_reg_reg_126_/QN,2,883.911011
mix1/data_o_reg_reg_126_,DFFASRHQNx1_bottom,mix1/data_o_reg_reg_126_/QN,3,332.896393
mix1/data_reg_reg_94_,DFFASRHQNx1_bottom,mix1/data_reg_reg_94_/QN,2,882.546997
mix1/data_o_reg_reg_94_,DFFASRHQNx1_bottom,mix1/data_o_reg_reg_94_/QN,3,328.838684
mix1/data_reg_reg_62_,DFFASRHQNx1_upper,mix1/data_reg_reg_62_/QN,2,889.023621
mix1/data_o_reg_reg_62_,DFFASRHQNx1_bottom,mix1/data_o_reg_reg_62_/QN,3,329.210052
mix1/data_o_reg_reg_31_,DFFASRHQNx1_bottom,mix1/data_o_reg_reg_31_/QN,3,311.989075
mix1/data_reg_reg_127_,DFFASRHQNx1_bottom,mix1/data_reg_reg_127_/QN,2,883.371948
mix1/data_o_reg_reg_127_,DFFASRHQNx1_bottom,mix1/data_o_reg_reg_127_/QN,3,323.572327
mix1/data_reg_reg_95_,DFFASRHQNx1_upper,mix1/data_reg_reg_95_/QN,2,887.203369
mix1/data_o_reg_reg_95_,DFFASRHQNx1_bottom,mix1/data_o_reg_reg_95_/QN,3,331.896484
mix1/data_reg_reg_63_,DFFASRHQNx1_upper,mix1/data_reg_reg_63_/QN,2,888.669006
mix1/data_o_reg_reg_63_,DFFASRHQNx1_bottom,mix1/data_o_reg_reg_63_/QN,3,308.400513
mix1/U3,OAI22xp5_upper,mix1/U3/Y,1,581.993896
mix1/U4,OAI22xp5_bottom,mix1/U4/Y,1,270.054321
mix1/U5,OAI22xp5_upper,mix1/U5/Y,1,585.710083
mix1/U6,OAI22xp5_bottom,mix1/U6/Y,1,269.635590
mix1/U7,OAI22xp5_upper,mix1/U7/Y,1,605.235779
mix1/U8,OAI22xp5_bottom,mix1/U8/Y,1,268.688080
mix1/U9,OAI22xp5_upper,mix1/U9/Y,1,265.435181
mix1/U10,AO22x1_upper,mix1/U10/Y,4,265.435120
mix1/U11,OAI22xp5_bottom,mix1/U11/Y,1,584.676819
mix1/U12,OAI22xp5_upper,mix1/U12/Y,1,206.926147
mix1/U13,OAI22xp5_upper,mix1/U13/Y,1,584.677979
mix1/U14,OAI22xp5_bottom,mix1/U14/Y,1,207.193039
mix1/U15,OAI22xp5_upper,mix1/U15/Y,1,606.515015
mix1/U16,OAI22xp5_bottom,mix1/U16/Y,1,207.212311
mix1/U17,OAI22xp5_upper,mix1/U17/Y,1,207.332596
mix1/U18,AO22x1_upper,mix1/U18/Y,4,206.926086
mix1/U19,OAI22xp5_upper,mix1/U19/Y,1,575.649719
mix1/U20,OAI22xp5_upper,mix1/U20/Y,1,199.977310
mix1/U21,OAI22xp5_bottom,mix1/U21/Y,1,587.692749
mix1/U22,OAI22xp5_upper,mix1/U22/Y,1,198.524139
mix1/U23,OAI22xp5_upper,mix1/U23/Y,1,605.403198
mix1/U24,OAI22xp5_upper,mix1/U24/Y,1,201.124786
mix1/U25,OAI22xp5_upper,mix1/U25/Y,1,200.001297
mix1/U26,AO22x1_upper,mix1/U26/Y,4,198.524094
mix1/U27,OAI22xp5_bottom,mix1/U27/Y,1,585.862122
mix1/U28,OAI22xp5_upper,mix1/U28/Y,1,200.861557
mix1/U29,OAI22xp5_upper,mix1/U29/Y,1,587.112061
mix1/U30,OAI22xp5_bottom,mix1/U30/Y,1,205.022217
mix1/U31,OAI22xp5_upper,mix1/U31/Y,1,605.161133
mix1/U32,OAI22xp5_bottom,mix1/U32/Y,1,202.368408
mix1/U33,OAI22xp5_upper,mix1/U33/Y,1,200.572891
mix1/U34,AO22x1_bottom,mix1/U34/Y,4,200.572830
mix1/U35,OAI22xp5_bottom,mix1/U35/Y,1,583.951294
mix1/U36,OAI22xp5_upper,mix1/U36/Y,1,199.780685
mix1/U37,OAI22xp5_bottom,mix1/U37/Y,1,607.655273
mix1/U38,OAI22xp5_upper,mix1/U38/Y,1,202.648895
mix1/U39,OAI22xp5_upper,mix1/U39/Y,1,607.225830
mix1/U40,OAI22xp5_upper,mix1/U40/Y,1,200.489563
mix1/U41,OAI22xp5_upper,mix1/U41/Y,1,187.182327
mix1/U42,AO22x1_upper,mix1/U42/Y,4,187.182220
mix1/U43,OAI22xp5_upper,mix1/U43/Y,1,568.002563
mix1/U44,OAI22xp5_upper,mix1/U44/Y,1,208.144333
mix1/U45,OAI22xp5_upper,mix1/U45/Y,1,607.382263
mix1/U46,OAI22xp5_bottom,mix1/U46/Y,1,210.230499
mix1/U47,OAI22xp5_upper,mix1/U47/Y,1,607.495850
mix1/U48,OAI22xp5_upper,mix1/U48/Y,1,206.788757
mix1/U49,OAI22xp5_upper,mix1/U49/Y,1,194.732346
mix1/U50,AO22x1_upper,mix1/U50/Y,4,194.732391
mix1/U51,OAI22xp5_bottom,mix1/U51/Y,1,568.016968
mix1/U52,OAI22xp5_bottom,mix1/U52/Y,1,214.025406
mix1/U53,OAI22xp5_upper,mix1/U53/Y,1,607.582458
mix1/U54,OAI22xp5_upper,mix1/U54/Y,1,226.224930
mix1/U55,OAI22xp5_upper,mix1/U55/Y,1,607.470398
mix1/U56,OAI22xp5_bottom,mix1/U56/Y,1,228.399750
mix1/U57,OAI22xp5_bottom,mix1/U57/Y,1,213.454361
mix1/U58,AO22x1_upper,mix1/U58/Y,4,213.454361
mix1/U59,OAI22xp5_bottom,mix1/U59/Y,1,569.187805
mix1/U60,OAI22xp5_upper,mix1/U60/Y,1,242.790115
mix1/U61,OAI22xp5_bottom,mix1/U61/Y,1,609.164734
mix1/U62,OAI22xp5_upper,mix1/U62/Y,1,260.885651
mix1/U63,OAI22xp5_upper,mix1/U63/Y,1,603.618408
mix1/U64,OAI22xp5_upper,mix1/U64/Y,1,260.875427
mix1/U65,OAI22xp5_bottom,mix1/U65/Y,1,247.671158
mix1/U66,AO22x1_bottom,mix1/U66/Y,4,242.790009
mix1/U67,OAI22xp5_upper,mix1/U67/Y,1,538.594421
mix1/U68,OAI22xp5_upper,mix1/U68/Y,1,245.961472
mix1/U69,OAI22xp5_upper,mix1/U69/Y,1,537.258118
mix1/U70,OAI22xp5_upper,mix1/U70/Y,1,245.343246
mix1/U71,OAI22xp5_bottom,mix1/U71/Y,1,535.166077
mix1/U72,OAI22xp5_upper,mix1/U72/Y,1,244.568527
mix1/U73,OAI22xp5_upper,mix1/U73/Y,1,244.004700
mix1/U74,AO22x1_upper,mix1/U74/Y,4,244.004700
mix1/U75,OAI22xp5_bottom,mix1/U75/Y,1,536.607178
mix1/U76,OAI22xp5_upper,mix1/U76/Y,1,239.496918
mix1/U77,OAI22xp5_bottom,mix1/U77/Y,1,537.767212
mix1/U78,OAI22xp5_upper,mix1/U78/Y,1,235.574280
mix1/U79,OAI22xp5_bottom,mix1/U79/Y,1,537.094116
mix1/U80,OAI22xp5_upper,mix1/U80/Y,1,234.432190
mix1/U81,OAI22xp5_upper,mix1/U81/Y,1,237.643631
mix1/U82,AO22x1_upper,mix1/U82/Y,4,234.432144
mix1/U83,OAI22xp5_upper,mix1/U83/Y,1,537.086914
mix1/U84,OAI22xp5_upper,mix1/U84/Y,1,212.161346
mix1/U85,OAI22xp5_upper,mix1/U85/Y,1,536.328369
mix1/U86,OAI22xp5_upper,mix1/U86/Y,1,212.959595
mix1/U87,OAI22xp5_upper,mix1/U87/Y,1,534.460693
mix1/U88,OAI22xp5_upper,mix1/U88/Y,1,210.564896
mix1/U89,OAI22xp5_bottom,mix1/U89/Y,1,212.202866
mix1/U90,AO22x1_bottom,mix1/U90/Y,4,210.564850
mix1/U91,OAI22xp5_upper,mix1/U91/Y,1,533.225891
mix1/U92,OAI22xp5_upper,mix1/U92/Y,1,201.901276
mix1/U93,OAI22xp5_upper,mix1/U93/Y,1,533.512146
mix1/U94,OAI22xp5_upper,mix1/U94/Y,1,203.920654
mix1/U95,OAI22xp5_upper,mix1/U95/Y,1,534.824890
mix1/U96,OAI22xp5_upper,mix1/U96/Y,1,200.401581
mix1/U97,OAI22xp5_upper,mix1/U97/Y,1,201.405060
mix1/U98,AO22x1_bottom,mix1/U98/Y,4,200.401642
mix1/U99,OAI22xp5_upper,mix1/U99/Y,1,537.055847
mix1/U100,OAI22xp5_upper,mix1/U100/Y,1,196.658463
mix1/U101,OAI22xp5_upper,mix1/U101/Y,1,533.006165
mix1/U102,OAI22xp5_upper,mix1/U102/Y,1,193.156158
mix1/U103,OAI22xp5_upper,mix1/U103/Y,1,534.361877
mix1/U104,OAI22xp5_upper,mix1/U104/Y,1,192.196762
mix1/U105,OAI22xp5_upper,mix1/U105/Y,1,196.108582
mix1/U106,AO22x1_upper,mix1/U106/Y,4,192.196762
mix1/U107,OAI22xp5_upper,mix1/U107/Y,1,534.111511
mix1/U108,OAI22xp5_upper,mix1/U108/Y,1,206.853760
mix1/U109,OAI22xp5_upper,mix1/U109/Y,1,534.888550
mix1/U110,OAI22xp5_upper,mix1/U110/Y,1,205.267471
mix1/U111,OAI22xp5_upper,mix1/U111/Y,1,532.122803
mix1/U112,OAI22xp5_upper,mix1/U112/Y,1,205.092606
mix1/U113,OAI22xp5_upper,mix1/U113/Y,1,205.796768
mix1/U114,AO22x1_upper,mix1/U114/Y,4,205.092667
mix1/U115,OAI22xp5_upper,mix1/U115/Y,1,541.055664
mix1/U116,OAI22xp5_upper,mix1/U116/Y,1,228.410843
mix1/U117,OAI22xp5_upper,mix1/U117/Y,1,542.529358
mix1/U118,OAI22xp5_upper,mix1/U118/Y,1,227.732224
mix1/U119,OAI22xp5_upper,mix1/U119/Y,1,540.629761
mix1/U120,OAI22xp5_upper,mix1/U120/Y,1,228.258804
mix1/U121,OAI22xp5_upper,mix1/U121/Y,1,228.071732
mix1/U122,AO22x1_upper,mix1/U122/Y,4,227.732330
mix1/U123,OAI22xp5_upper,mix1/U123/Y,1,532.469727
mix1/U124,OAI22xp5_upper,mix1/U124/Y,1,237.158066
mix1/U125,OAI22xp5_bottom,mix1/U125/Y,1,543.091248
mix1/U126,OAI22xp5_bottom,mix1/U126/Y,1,256.425659
mix1/U127,OAI22xp5_bottom,mix1/U127/Y,1,539.827637
mix1/U128,OAI22xp5_bottom,mix1/U128/Y,1,252.423965
mix1/U129,OAI22xp5_bottom,mix1/U129/Y,1,247.242401
mix1/U130,AO22x1_bottom,mix1/U130/Y,4,237.158066
mix1/U131,OAI22xp5_bottom,mix1/U131/Y,1,576.539734
mix1/U132,OAI22xp5_upper,mix1/U132/Y,1,242.234787
mix1/U133,OAI22xp5_bottom,mix1/U133/Y,1,544.683167
mix1/U134,OAI22xp5_bottom,mix1/U134/Y,1,244.692551
mix1/U135,OAI22xp5_bottom,mix1/U135/Y,1,547.484741
mix1/U136,OAI22xp5_bottom,mix1/U136/Y,1,241.108185
mix1/U137,OAI22xp5_bottom,mix1/U137/Y,1,233.667145
mix1/U138,AO22x1_upper,mix1/U138/Y,4,233.667084
mix1/U139,OAI22xp5_bottom,mix1/U139/Y,1,577.412354
mix1/U140,OAI22xp5_upper,mix1/U140/Y,1,257.924072
mix1/U141,OAI22xp5_upper,mix1/U141/Y,1,585.130615
mix1/U142,OAI22xp5_upper,mix1/U142/Y,1,256.400970
mix1/U143,OAI22xp5_upper,mix1/U143/Y,1,545.439270
mix1/U144,OAI22xp5_upper,mix1/U144/Y,1,255.557190
mix1/U145,OAI22xp5_upper,mix1/U145/Y,1,245.572845
mix1/U146,AO22x1_upper,mix1/U146/Y,4,245.572891
mix1/U147,OAI22xp5_bottom,mix1/U147/Y,1,577.118103
mix1/U148,OAI22xp5_upper,mix1/U148/Y,1,206.111359
mix1/U149,OAI22xp5_upper,mix1/U149/Y,1,589.759827
mix1/U150,OAI22xp5_upper,mix1/U150/Y,1,208.881973
mix1/U151,OAI22xp5_upper,mix1/U151/Y,1,591.148682
mix1/U152,OAI22xp5_upper,mix1/U152/Y,1,206.760056
mix1/U153,OAI22xp5_bottom,mix1/U153/Y,1,197.540482
mix1/U154,AO22x1_bottom,mix1/U154/Y,4,197.540482
mix1/U155,OAI22xp5_upper,mix1/U155/Y,1,575.907898
mix1/U156,OAI22xp5_bottom,mix1/U156/Y,1,215.196915
mix1/U157,OAI22xp5_bottom,mix1/U157/Y,1,586.174744
mix1/U158,OAI22xp5_bottom,mix1/U158/Y,1,217.425583
mix1/U159,OAI22xp5_bottom,mix1/U159/Y,1,589.837769
mix1/U160,OAI22xp5_bottom,mix1/U160/Y,1,217.349579
mix1/U161,OAI22xp5_upper,mix1/U161/Y,1,213.983276
mix1/U162,AO22x1_bottom,mix1/U162/Y,4,213.983276
mix1/U163,OAI22xp5_upper,mix1/U163/Y,1,583.204895
mix1/U164,OAI22xp5_bottom,mix1/U164/Y,1,173.453033
mix1/U165,OAI22xp5_bottom,mix1/U165/Y,1,587.370361
mix1/U166,OAI22xp5_upper,mix1/U166/Y,1,172.637024
mix1/U167,OAI22xp5_upper,mix1/U167/Y,1,607.673584
mix1/U168,OAI22xp5_upper,mix1/U168/Y,1,173.062790
mix1/U169,OAI22xp5_bottom,mix1/U169/Y,1,163.946075
mix1/U170,AO22x1_upper,mix1/U170/Y,4,163.946075
mix1/U171,OAI22xp5_bottom,mix1/U171/Y,1,575.782654
mix1/U172,OAI22xp5_upper,mix1/U172/Y,1,221.869690
mix1/U173,OAI22xp5_upper,mix1/U173/Y,1,586.927063
mix1/U174,OAI22xp5_bottom,mix1/U174/Y,1,226.618835
mix1/U175,OAI22xp5_upper,mix1/U175/Y,1,606.546387
mix1/U176,OAI22xp5_upper,mix1/U176/Y,1,219.073486
mix1/U177,OAI22xp5_upper,mix1/U177/Y,1,212.345474
mix1/U178,AO22x1_bottom,mix1/U178/Y,4,212.345474
mix1/U179,OAI22xp5_bottom,mix1/U179/Y,1,569.209229
mix1/U180,OAI22xp5_upper,mix1/U180/Y,1,201.283386
mix1/U181,OAI22xp5_upper,mix1/U181/Y,1,582.271484
mix1/U182,OAI22xp5_bottom,mix1/U182/Y,1,202.808212
mix1/U183,OAI22xp5_upper,mix1/U183/Y,1,586.703796
mix1/U184,OAI22xp5_upper,mix1/U184/Y,1,199.857681
mix1/U185,OAI22xp5_bottom,mix1/U185/Y,1,190.664658
mix1/U186,AO22x1_bottom,mix1/U186/Y,4,190.664658
mix1/U187,OAI22xp5_bottom,mix1/U187/Y,1,567.946838
mix1/U188,OAI22xp5_bottom,mix1/U188/Y,1,214.894043
mix1/U189,OAI22xp5_bottom,mix1/U189/Y,1,584.132080
mix1/U190,OAI22xp5_bottom,mix1/U190/Y,1,226.764053
mix1/U191,OAI22xp5_bottom,mix1/U191/Y,1,586.013367
mix1/U192,OAI22xp5_upper,mix1/U192/Y,1,226.881851
mix1/U193,OAI22xp5_upper,mix1/U193/Y,1,212.636353
mix1/U194,AO22x1_upper,mix1/U194/Y,4,212.636292
mix1/U195,OAI22xp5_upper,mix1/U195/Y,1,532.072937
mix1/U196,OAI22xp5_upper,mix1/U196/Y,1,286.962952
mix1/U197,OAI22xp5_upper,mix1/U197/Y,1,539.387268
mix1/U198,OAI22xp5_upper,mix1/U198/Y,1,286.912537
mix1/U199,OAI22xp5_upper,mix1/U199/Y,1,541.945679
mix1/U200,OAI22xp5_upper,mix1/U200/Y,1,286.824677
mix1/U201,OAI22xp5_upper,mix1/U201/Y,1,274.942169
mix1/U202,AO22x1_bottom,mix1/U202/Y,4,274.942169
mix1/U203,OAI22xp5_upper,mix1/U203/Y,1,538.273804
mix1/U204,OAI22xp5_upper,mix1/U204/Y,1,219.663010
mix1/U205,OAI22xp5_upper,mix1/U205/Y,1,534.367554
mix1/U206,OAI22xp5_upper,mix1/U206/Y,1,222.306015
mix1/U207,OAI22xp5_upper,mix1/U207/Y,1,532.084351
mix1/U208,OAI22xp5_bottom,mix1/U208/Y,1,222.968140
mix1/U209,OAI22xp5_bottom,mix1/U209/Y,1,221.686172
mix1/U210,AO22x1_upper,mix1/U210/Y,4,219.663010
mix1/U211,OAI22xp5_upper,mix1/U211/Y,1,535.319946
mix1/U212,OAI22xp5_upper,mix1/U212/Y,1,203.365219
mix1/U213,OAI22xp5_upper,mix1/U213/Y,1,533.401855
mix1/U214,OAI22xp5_bottom,mix1/U214/Y,1,203.454193
mix1/U215,OAI22xp5_upper,mix1/U215/Y,1,534.005920
mix1/U216,OAI22xp5_upper,mix1/U216/Y,1,202.100388
mix1/U217,OAI22xp5_upper,mix1/U217/Y,1,201.904999
mix1/U218,AO22x1_upper,mix1/U218/Y,4,201.904938
mix1/U219,OAI22xp5_upper,mix1/U219/Y,1,537.446777
mix1/U220,OAI22xp5_upper,mix1/U220/Y,1,213.901901
mix1/U221,OAI22xp5_upper,mix1/U221/Y,1,536.437195
mix1/U222,OAI22xp5_bottom,mix1/U222/Y,1,214.259171
mix1/U223,OAI22xp5_upper,mix1/U223/Y,1,536.341187
mix1/U224,OAI22xp5_upper,mix1/U224/Y,1,208.693512
mix1/U225,OAI22xp5_upper,mix1/U225/Y,1,204.966095
mix1/U226,AO22x1_bottom,mix1/U226/Y,4,204.966156
mix1/U227,OAI22xp5_bottom,mix1/U227/Y,1,536.075928
mix1/U228,OAI22xp5_upper,mix1/U228/Y,1,211.444748
mix1/U229,OAI22xp5_upper,mix1/U229/Y,1,537.411499
mix1/U230,OAI22xp5_upper,mix1/U230/Y,1,212.692703
mix1/U231,OAI22xp5_upper,mix1/U231/Y,1,539.604675
mix1/U232,OAI22xp5_upper,mix1/U232/Y,1,211.931976
mix1/U233,OAI22xp5_upper,mix1/U233/Y,1,201.149261
mix1/U234,AO22x1_upper,mix1/U234/Y,4,201.149323
mix1/U235,OAI22xp5_bottom,mix1/U235/Y,1,539.817627
mix1/U236,OAI22xp5_upper,mix1/U236/Y,1,203.118469
mix1/U237,OAI22xp5_upper,mix1/U237/Y,1,534.670776
mix1/U238,OAI22xp5_bottom,mix1/U238/Y,1,201.327072
mix1/U239,OAI22xp5_upper,mix1/U239/Y,1,536.268738
mix1/U240,OAI22xp5_upper,mix1/U240/Y,1,197.881104
mix1/U241,OAI22xp5_upper,mix1/U241/Y,1,192.828094
mix1/U242,AO22x1_upper,mix1/U242/Y,4,192.828094
mix1/U243,OAI22xp5_upper,mix1/U243/Y,1,527.644592
mix1/U244,OAI22xp5_bottom,mix1/U244/Y,1,219.724121
mix1/U245,OAI22xp5_upper,mix1/U245/Y,1,530.873474
mix1/U246,OAI22xp5_upper,mix1/U246/Y,1,226.753006
mix1/U247,OAI22xp5_upper,mix1/U247/Y,1,542.560547
mix1/U248,OAI22xp5_upper,mix1/U248/Y,1,226.738739
mix1/U249,OAI22xp5_upper,mix1/U249/Y,1,216.717651
mix1/U250,AO22x1_bottom,mix1/U250/Y,4,216.717651
mix1/U251,OAI22xp5_upper,mix1/U251/Y,1,530.583984
mix1/U252,OAI22xp5_upper,mix1/U252/Y,1,239.457840
mix1/U253,OAI22xp5_upper,mix1/U253/Y,1,529.228027
mix1/U254,OAI22xp5_bottom,mix1/U254/Y,1,253.998047
mix1/U255,OAI22xp5_bottom,mix1/U255/Y,1,542.442566
mix1/U256,OAI22xp5_upper,mix1/U256/Y,1,251.051453
mix1/U257,OAI22xp5_upper,mix1/U257/Y,1,240.247711
mix1/U258,AO22x1_upper,mix1/U258/Y,4,239.457962
mix1/U261,NAND3xp33_upper,mix1/U261/Y,1,525.650330
mix1/U262,NOR2x1_upper,mix1/U262/Y,1,752.567017
mix1/U263,OAI22xp5_upper,mix1/U263/Y,1,735.836731
mix1/U264,NAND2x1p5_upper,mix1/U264/Y,7,239.539444
mix1/U265,AOI22xp5_upper,mix1/U265/Y,1,239.539444
mix1/U266,AOI22xp5_bottom,mix1/U266/Y,1,252.432404
mix1/U267,NAND2x1p5_upper,mix1/U267/Y,7,249.976151
mix1/U268,AOI22xp5_bottom,mix1/U268/Y,1,250.995667
mix1/U269,AOI22xp5_upper,mix1/U269/Y,1,249.976151
mix1/U270,NAND2x1p5_upper,mix1/U270/Y,7,257.188660
mix1/U271,AOI22xp5_upper,mix1/U271/Y,1,320.267334
mix1/U272,AOI22xp5_bottom,mix1/U272/Y,1,257.188629
mix1/U273,NAND2x1p5_bottom,mix1/U273/Y,7,245.821747
mix1/U274,AOI22xp5_upper,mix1/U274/Y,1,321.193359
mix1/U275,AOI22xp5_upper,mix1/U275/Y,1,245.821747
mix1/U276,NAND2x1p5_bottom,mix1/U276/Y,7,247.971756
mix1/U277,AOI22xp5_upper,mix1/U277/Y,1,314.440369
mix1/U278,AOI22xp5_bottom,mix1/U278/Y,1,247.971756
mix1/U279,NAND2x1p5_upper,mix1/U279/Y,7,247.133255
mix1/U280,AOI22xp5_bottom,mix1/U280/Y,1,321.955322
mix1/U281,AOI22xp5_upper,mix1/U281/Y,1,247.133255
mix1/U282,NAND2x1p5_upper,mix1/U282/Y,7,244.412720
mix1/U283,AOI22xp5_upper,mix1/U283/Y,1,314.419281
mix1/U284,AOI22xp5_upper,mix1/U284/Y,1,244.412720
mix1/U285,NAND2x1p5_upper,mix1/U285/Y,7,187.182266
mix1/U286,AOI22xp5_upper,mix1/U286/Y,1,187.182266
mix1/U287,AOI22xp5_upper,mix1/U287/Y,1,194.243683
mix1/U288,NAND2x1p5_bottom,mix1/U288/Y,7,207.742828
mix1/U289,AOI22xp5_upper,mix1/U289/Y,1,207.742828
mix1/U290,AOI22xp5_bottom,mix1/U290/Y,1,213.847778
mix1/U291,NAND2x1p5_upper,mix1/U291/Y,7,248.870926
mix1/U292,AOI22xp5_upper,mix1/U292/Y,1,319.824066
mix1/U293,AOI22xp5_upper,mix1/U293/Y,1,248.870926
mix1/U294,NAND2x1p5_upper,mix1/U294/Y,7,163.946030
mix1/U295,AOI22xp5_upper,mix1/U295/Y,1,163.946030
mix1/U296,AOI22xp5_bottom,mix1/U296/Y,1,168.826843
mix1/U297,NAND2x1p5_upper,mix1/U297/Y,7,198.524033
mix1/U298,AOI22xp5_upper,mix1/U298/Y,1,198.524033
mix1/U299,AOI22xp5_bottom,mix1/U299/Y,1,201.434097
mix1/U300,NAND2x1p5_upper,mix1/U300/Y,7,195.078064
mix1/U301,AOI22xp5_upper,mix1/U301/Y,1,195.078064
mix1/U302,AOI22xp5_upper,mix1/U302/Y,1,198.088043
mix1/U303,NAND2x1p5_bottom,mix1/U303/Y,7,233.506271
mix1/U304,AOI22xp5_bottom,mix1/U304/Y,1,235.232605
mix1/U305,AOI22xp5_bottom,mix1/U305/Y,1,233.506271
mix1/U306,NAND2x1p5_bottom,mix1/U306/Y,7,273.972015
mix1/U307,AOI22xp5_upper,mix1/U307/Y,1,274.576141
mix1/U308,AOI22xp5_upper,mix1/U308/Y,1,273.972015
mix1/U309,NAND2x1p5_upper,mix1/U309/Y,7,261.302582
mix1/U310,AOI22xp5_upper,mix1/U310/Y,1,261.302582
mix1/U311,AOI22xp5_bottom,mix1/U311/Y,1,262.316101
mix1/U312,NAND2x1p5_upper,mix1/U312/Y,7,238.638779
mix1/U313,AOI22xp5_upper,mix1/U313/Y,1,313.710480
mix1/U314,AOI22xp5_upper,mix1/U314/Y,1,238.638779
mix1/U315,NAND2x1p5_upper,mix1/U315/Y,7,228.428940
mix1/U316,AOI22xp5_upper,mix1/U316/Y,1,347.542938
mix1/U317,AOI22xp5_bottom,mix1/U317/Y,1,228.428940
mix1/U318,NAND2x1p5_upper,mix1/U318/Y,7,220.044098
mix1/U319,AOI22xp5_upper,mix1/U319/Y,1,339.618256
mix1/U320,AOI22xp5_bottom,mix1/U320/Y,1,220.044098
mix1/U321,NAND2x1p5_upper,mix1/U321/Y,7,245.516220
mix1/U322,AOI22xp5_upper,mix1/U322/Y,1,368.687653
mix1/U323,AOI22xp5_upper,mix1/U323/Y,1,245.516220
mix1/U324,NAND2x1p5_upper,mix1/U324/Y,7,294.029480
mix1/U325,AOI22xp5_bottom,mix1/U325/Y,1,312.696014
mix1/U326,AOI22xp5_upper,mix1/U326/Y,1,294.029480
mix1/U327,NAND2x1p5_upper,mix1/U327/Y,7,240.040817
mix1/U328,AOI22xp5_upper,mix1/U328/Y,1,357.278015
mix1/U329,AOI22xp5_bottom,mix1/U329/Y,1,240.040848
mix1/U330,NAND2x1p5_upper,mix1/U330/Y,7,257.271088
mix1/U331,AOI22xp5_upper,mix1/U331/Y,1,376.319275
mix1/U332,AOI22xp5_bottom,mix1/U332/Y,1,257.271088
mix1/U333,NAND2x1p5_upper,mix1/U333/Y,7,291.195526
mix1/U334,AOI22xp5_upper,mix1/U334/Y,1,304.155945
mix1/U335,AOI22xp5_bottom,mix1/U335/Y,1,291.195526
mix1/U336,NAND2x1p5_upper,mix1/U336/Y,7,310.544434
mix1/U337,AOI22xp5_upper,mix1/U337/Y,1,330.012390
mix1/U338,AOI22xp5_upper,mix1/U338/Y,1,310.544434
mix1/U339,NAND2x1p5_bottom,mix1/U339/Y,7,231.420944
mix1/U340,AOI22xp5_upper,mix1/U340/Y,1,231.420944
mix1/U341,AOI22xp5_bottom,mix1/U341/Y,1,269.668335
mix1/U342,NAND2x1p5_upper,mix1/U342/Y,7,192.828094
mix1/U343,AOI22xp5_bottom,mix1/U343/Y,1,192.828094
mix1/U344,AOI22xp5_bottom,mix1/U344/Y,1,225.099167
mix1/U345,NAND2x1p5_upper,mix1/U345/Y,7,183.343170
mix1/U346,AOI22xp5_bottom,mix1/U346/Y,1,183.343170
mix1/U347,AOI22xp5_bottom,mix1/U347/Y,1,213.380920
mix1/U348,NAND2x1p5_upper,mix1/U348/Y,7,197.540482
mix1/U349,AOI22xp5_upper,mix1/U349/Y,1,197.540482
mix1/U350,AOI22xp5_upper,mix1/U350/Y,1,227.284637
mix1/U351,NAND2x1p5_bottom,mix1/U351/Y,7,243.233047
mix1/U352,AOI22xp5_bottom,mix1/U352/Y,1,243.233047
mix1/U353,AOI22xp5_upper,mix1/U353/Y,1,263.632965
mix1/U354,NAND2x1p5_bottom,mix1/U354/Y,7,240.334473
mix1/U355,AOI22xp5_upper,mix1/U355/Y,1,240.334473
mix1/U356,AOI22xp5_bottom,mix1/U356/Y,1,274.691284
mix1/U357,NAND2x1p5_upper,mix1/U357/Y,7,292.974640
mix1/U358,AOI22xp5_bottom,mix1/U358/Y,1,313.298370
mix1/U360,NAND2xp5_upper,mix1/U360/Y,2,442.109222
mix1/U362,NAND2xp5_bottom,mix1/U362/Y,4,368.845245
mix1/U363,AOI22xp5_upper,mix1/U363/Y,1,292.974640
mix1/U365,NAND2xp5_upper,mix1/U365/Y,5,347.450287
mix1/U367,NAND2xp5_upper,mix1/U367/Y,3,200.711197
mix1/U369,NAND2xp5_upper,mix1/U369/Y,3,313.464874
mix1/w1/bm1/U1,XOR2xp5_upper,mix1/w1/bm1/U1/Y,1,265.435181
mix1/w1/bm1/U2,XNOR2xp5_bottom,mix1/w1/bm1/U2/Y,1,265.435181
mix1/w1/bm1/U3,XOR2xp5_upper,mix1/w1/bm1/U3/Y,1,272.209869
mix1/w1/bm1/U4,XNOR2xp5_upper,mix1/w1/bm1/U4/Y,1,301.042297
mix1/w1/bm1/U5,XOR2xp5_bottom,mix1/w1/bm1/U5/Y,1,206.926086
mix1/w1/bm1/U6,XNOR2xp5_upper,mix1/w1/bm1/U6/Y,1,206.926025
mix1/w1/bm1/U7,XNOR2xp5_upper,mix1/w1/bm1/U7/Y,1,206.926025
mix1/w1/bm1/U8,XOR2xp5_upper,mix1/w1/bm1/U8/Y,1,300.012726
mix1/w1/bm1/U9,XOR2xp5_bottom,mix1/w1/bm1/U9/Y,1,300.012726
mix1/w1/bm1/U10,XOR2xp5_upper,mix1/w1/bm1/U10/Y,1,198.524033
mix1/w1/bm1/U11,XNOR2xp5_upper,mix1/w1/bm1/U11/Y,1,198.524033
mix1/w1/bm1/U12,XNOR2xp5_bottom,mix1/w1/bm1/U12/Y,1,198.524033
mix1/w1/bm1/U13,XOR2xp5_upper,mix1/w1/bm1/U13/Y,1,280.486755
mix1/w1/bm1/U14,XOR2xp5_bottom,mix1/w1/bm1/U14/Y,1,280.486755
mix1/w1/bm1/U15,XOR2xp5_upper,mix1/w1/bm1/U15/Y,1,288.315826
mix1/w1/bm1/U16,XOR2xp5_upper,mix1/w1/bm1/U16/Y,1,200.572830
mix1/w1/bm1/U17,XOR2xp5_bottom,mix1/w1/bm1/U17/Y,1,200.572891
mix1/w1/bm1/U18,XOR2xp5_upper,mix1/w1/bm1/U18/Y,1,200.572891
mix1/w1/bm1/U19,XOR2xp5_upper,mix1/w1/bm1/U19/Y,1,205.026337
mix1/w1/bm1/U20,XOR2xp5_upper,mix1/w1/bm1/U20/Y,1,205.026337
mix1/w1/bm1/U21,XNOR2xp5_upper,mix1/w1/bm1/U21/Y,1,332.317993
mix1/w1/bm1/U22,XOR2xp5_upper,mix1/w1/bm1/U22/Y,1,187.182266
mix1/w1/bm1/U23,XOR2xp5_upper,mix1/w1/bm1/U23/Y,1,187.182266
mix1/w1/bm1/U24,XNOR2xp5_bottom,mix1/w1/bm1/U24/Y,1,187.182266
mix1/w1/bm1/U25,XOR2xp5_upper,mix1/w1/bm1/U25/Y,1,199.570145
mix1/w1/bm1/U26,XOR2xp5_bottom,mix1/w1/bm1/U26/Y,1,199.570145
mix1/w1/bm1/U27,XOR2xp5_upper,mix1/w1/bm1/U27/Y,1,273.581726
mix1/w1/bm1/U28,XOR2xp5_upper,mix1/w1/bm1/U28/Y,1,194.732391
mix1/w1/bm1/U29,XOR2xp5_upper,mix1/w1/bm1/U29/Y,1,194.732391
mix1/w1/bm1/U30,XOR2xp5_bottom,mix1/w1/bm1/U30/Y,1,194.732391
mix1/w1/bm1/U31,XOR2xp5_upper,mix1/w1/bm1/U31/Y,1,273.793549
mix1/w1/bm1/U32,XOR2xp5_upper,mix1/w1/bm1/U32/Y,1,273.793549
mix1/w1/bm1/U33,XOR2xp5_bottom,mix1/w1/bm1/U33/Y,1,213.454422
mix1/w1/bm1/U34,XOR2xp5_bottom,mix1/w1/bm1/U34/Y,1,213.454422
mix1/w1/bm1/U35,XNOR2x2_bottom,mix1/w1/bm1/U35/Y,4,194.732391
mix1/w1/bm1/U36,XOR2xp5_upper,mix1/w1/bm1/U36/Y,1,194.732391
mix1/w1/bm1/U37,XNOR2xp5_upper,mix1/w1/bm1/U37/Y,1,235.010620
mix1/w1/bm1/U38,XOR2xp5_bottom,mix1/w1/bm1/U38/Y,1,242.790009
mix1/w1/bm1/U39,XNOR2x2_bottom,mix1/w1/bm1/U39/Y,4,199.570145
mix1/w1/bm1/U40,XOR2xp5_bottom,mix1/w1/bm1/U40/Y,1,199.570145
mix1/w1/bm1/U41,XNOR2xp5_bottom,mix1/w1/bm1/U41/Y,1,253.424057
mix1/w1/bm1/U42,XOR2xp5_bottom,mix1/w1/bm1/U42/Y,2,265.435181
mix1/w1/bm1/U43,XOR2xp5_upper,mix1/w1/bm1/U43/Y,1,265.435181
mix1/w1/bm1/U44,XOR2x2_bottom,mix1/w1/bm1/U44/Y,5,265.435181
mix1/w1/bm1/U45,XOR2xp5_upper,mix1/w1/bm1/U45/Y,2,207.742828
mix1/w1/bm1/U46,XOR2xp5_upper,mix1/w1/bm1/U46/Y,2,206.926025
mix1/w1/bm1/U47,XOR2xp5_upper,mix1/w1/bm1/U47/Y,1,206.926025
mix1/w1/bm1/U48,XOR2xp5_upper,mix1/w1/bm1/U48/Y,2,194.732391
mix1/w1/bm1/U49,XOR2xp5_bottom,mix1/w1/bm1/U49/Y,2,199.570145
mix1/w1/bm1/U50,XOR2xp5_upper,mix1/w1/bm1/U50/Y,2,198.524033
mix1/w1/bm1/U51,XOR2xp5_bottom,mix1/w1/bm1/U51/Y,1,198.524033
mix1/w1/bm1/U52,XOR2xp5_upper,mix1/w1/bm1/U52/Y,2,198.524033
mix1/w1/bm1/U53,XOR2xp5_bottom,mix1/w1/bm1/U53/Y,2,218.921387
mix1/w1/bm1/U54,XNOR2xp5_upper,mix1/w1/bm1/U54/Y,2,200.572891
mix1/w1/bm1/U55,XNOR2xp5_upper,mix1/w1/bm1/U55/Y,2,200.572891
mix1/w1/bm1/U56,XNOR2xp5_upper,mix1/w1/bm1/U56/Y,1,219.942780
mix1/w1/bm1/U57,XNOR2xp5_bottom,mix1/w1/bm1/U57/Y,1,212.798340
mix1/w1/bm1/U58,XOR2xp5_upper,mix1/w1/bm1/U58/Y,2,212.798340
mix1/w1/bm1/U59,XNOR2xp5_bottom,mix1/w1/bm1/U59/Y,2,187.182266
mix1/w1/bm1/U60,XNOR2xp5_upper,mix1/w1/bm1/U60/Y,2,187.182266
mix1/w1/bm1/U61,XNOR2xp5_bottom,mix1/w1/bm1/U61/Y,1,233.506271
mix1/w1/bm1/U62,XNOR2xp5_upper,mix1/w1/bm1/U62/Y,1,243.232986
mix1/w1/bm1/U63,XOR2xp5_bottom,mix1/w1/bm1/U63/Y,2,243.232986
mix1/w1/bm1/U64,XNOR2xp5_upper,mix1/w1/bm1/U64/Y,2,240.334473
mix1/w1/bm1/U65,XOR2xp5_bottom,mix1/w1/bm1/U65/Y,1,240.334473
mix1/w1/bm1/U66,XOR2xp5_upper,mix1/w1/bm1/U66/Y,2,240.334473
mix1/w1/bm1/U67,XNOR2xp5_bottom,mix1/w1/bm1/U67/Y,2,281.020142
mix1/w1/bm1/U68,XNOR2xp5_bottom,mix1/w1/bm1/U68/Y,2,239.539444
mix1/w1/bm1/U69,XNOR2xp5_bottom,mix1/w1/bm1/U69/Y,2,246.663132
mix1/w1/bm1/U70,XNOR2xp5_bottom,mix1/w1/bm1/U70/Y,1,263.165039
mix1/w1/bm1/U71,XNOR2xp5_bottom,mix1/w1/bm1/U71/Y,1,239.539444
mix1/w1/bm1/U72,XOR2xp5_upper,mix1/w1/bm1/U72/Y,2,239.539444
mix1/w1/bm1/U73,XNOR2xp5_bottom,mix1/w1/bm1/U73/Y,2,251.823624
mix1/w1/bm1/U74,XOR2xp5_upper,mix1/w1/bm1/U74/Y,1,251.823624
mix1/w1/bm1/U75,XOR2x2_bottom,mix1/w1/bm1/U75/Y,5,187.182266
mix1/w1/bm1/U76,XNOR2xp5_upper,mix1/w1/bm1/U76/Y,2,259.022980
mix1/w1/bm2/U1,XOR2xp5_upper,mix1/w1/bm2/U1/Y,1,244.004700
mix1/w1/bm2/U2,XNOR2xp5_upper,mix1/w1/bm2/U2/Y,1,244.004700
mix1/w1/bm2/U3,XOR2xp5_upper,mix1/w1/bm2/U3/Y,1,295.175049
mix1/w1/bm2/U4,XNOR2xp5_upper,mix1/w1/bm2/U4/Y,1,361.894470
mix1/w1/bm2/U5,XOR2xp5_bottom,mix1/w1/bm2/U5/Y,1,234.432083
mix1/w1/bm2/U6,XNOR2xp5_upper,mix1/w1/bm2/U6/Y,1,234.431976
mix1/w1/bm2/U7,XNOR2xp5_bottom,mix1/w1/bm2/U7/Y,1,234.431976
mix1/w1/bm2/U8,XOR2xp5_upper,mix1/w1/bm2/U8/Y,1,292.987122
mix1/w1/bm2/U9,XOR2xp5_upper,mix1/w1/bm2/U9/Y,1,339.598175
mix1/w1/bm2/U10,XOR2xp5_upper,mix1/w1/bm2/U10/Y,1,210.564850
mix1/w1/bm2/U11,XNOR2xp5_upper,mix1/w1/bm2/U11/Y,1,210.564896
mix1/w1/bm2/U12,XNOR2xp5_upper,mix1/w1/bm2/U12/Y,1,210.564896
mix1/w1/bm2/U13,XOR2xp5_bottom,mix1/w1/bm2/U13/Y,1,278.310333
mix1/w1/bm2/U14,XOR2xp5_bottom,mix1/w1/bm2/U14/Y,1,278.310333
mix1/w1/bm2/U15,XOR2xp5_upper,mix1/w1/bm2/U15/Y,1,347.670715
mix1/w1/bm2/U16,XOR2xp5_bottom,mix1/w1/bm2/U16/Y,1,200.401703
mix1/w1/bm2/U17,XOR2xp5_bottom,mix1/w1/bm2/U17/Y,1,216.935135
mix1/w1/bm2/U18,XOR2xp5_bottom,mix1/w1/bm2/U18/Y,1,216.935135
mix1/w1/bm2/U19,XOR2xp5_upper,mix1/w1/bm2/U19/Y,1,200.401642
mix1/w1/bm2/U20,XOR2xp5_upper,mix1/w1/bm2/U20/Y,1,200.401642
mix1/w1/bm2/U21,XNOR2xp5_upper,mix1/w1/bm2/U21/Y,1,358.091156
mix1/w1/bm2/U22,XOR2xp5_upper,mix1/w1/bm2/U22/Y,1,192.196762
mix1/w1/bm2/U23,XOR2xp5_upper,mix1/w1/bm2/U23/Y,1,196.658524
mix1/w1/bm2/U24,XNOR2xp5_bottom,mix1/w1/bm2/U24/Y,1,196.658524
mix1/w1/bm2/U25,XOR2xp5_upper,mix1/w1/bm2/U25/Y,1,192.196762
mix1/w1/bm2/U26,XOR2xp5_bottom,mix1/w1/bm2/U26/Y,1,192.196762
mix1/w1/bm2/U27,XOR2xp5_upper,mix1/w1/bm2/U27/Y,1,332.051544
mix1/w1/bm2/U28,XOR2xp5_upper,mix1/w1/bm2/U28/Y,1,205.092728
mix1/w1/bm2/U29,XOR2xp5_upper,mix1/w1/bm2/U29/Y,1,205.092773
mix1/w1/bm2/U30,XOR2xp5_bottom,mix1/w1/bm2/U30/Y,1,205.092773
mix1/w1/bm2/U31,XOR2xp5_bottom,mix1/w1/bm2/U31/Y,1,297.662384
mix1/w1/bm2/U32,XOR2xp5_upper,mix1/w1/bm2/U32/Y,1,334.663910
mix1/w1/bm2/U33,XOR2xp5_upper,mix1/w1/bm2/U33/Y,1,227.732285
mix1/w1/bm2/U34,XOR2xp5_upper,mix1/w1/bm2/U34/Y,1,227.732224
mix1/w1/bm2/U35,XNOR2xp5_upper,mix1/w1/bm2/U35/Y,4,200.401642
mix1/w1/bm2/U36,XOR2xp5_upper,mix1/w1/bm2/U36/Y,1,200.401642
mix1/w1/bm2/U37,XNOR2xp5_upper,mix1/w1/bm2/U37/Y,1,279.338104
mix1/w1/bm2/U38,XOR2xp5_upper,mix1/w1/bm2/U38/Y,1,237.157959
mix1/w1/bm2/U39,XNOR2xp5_upper,mix1/w1/bm2/U39/Y,4,192.196762
mix1/w1/bm2/U40,XOR2xp5_upper,mix1/w1/bm2/U40/Y,1,192.196762
mix1/w1/bm2/U41,XNOR2xp5_upper,mix1/w1/bm2/U41/Y,1,279.666351
mix1/w1/bm2/U42,XOR2xp5_bottom,mix1/w1/bm2/U42/Y,2,244.004700
mix1/w1/bm2/U43,XOR2xp5_upper,mix1/w1/bm2/U43/Y,1,244.004700
mix1/w1/bm2/U44,XOR2x2_bottom,mix1/w1/bm2/U44/Y,5,244.004700
mix1/w1/bm2/U45,XOR2xp5_upper,mix1/w1/bm2/U45/Y,2,200.401642
mix1/w1/bm2/U46,XOR2xp5_upper,mix1/w1/bm2/U46/Y,2,234.431976
mix1/w1/bm2/U47,XOR2xp5_upper,mix1/w1/bm2/U47/Y,1,234.431976
mix1/w1/bm2/U48,XOR2xp5_upper,mix1/w1/bm2/U48/Y,2,219.245117
mix1/w1/bm2/U49,XOR2xp5_upper,mix1/w1/bm2/U49/Y,2,199.653732
mix1/w1/bm2/U50,XOR2xp5_upper,mix1/w1/bm2/U50/Y,2,210.564896
mix1/w1/bm2/U51,XOR2xp5_upper,mix1/w1/bm2/U51/Y,1,210.564896
mix1/w1/bm2/U52,XOR2xp5_upper,mix1/w1/bm2/U52/Y,2,210.564896
mix1/w1/bm2/U53,XOR2xp5_bottom,mix1/w1/bm2/U53/Y,2,192.196762
mix1/w1/bm2/U54,XNOR2xp5_bottom,mix1/w1/bm2/U54/Y,2,216.935135
mix1/w1/bm2/U55,XNOR2xp5_bottom,mix1/w1/bm2/U55/Y,2,266.623505
mix1/w1/bm2/U56,XNOR2xp5_upper,mix1/w1/bm2/U56/Y,1,275.802612
mix1/w1/bm2/U57,XNOR2xp5_upper,mix1/w1/bm2/U57/Y,1,216.935135
mix1/w1/bm2/U58,XOR2xp5_upper,mix1/w1/bm2/U58/Y,2,216.935135
mix1/w1/bm2/U59,XNOR2xp5_upper,mix1/w1/bm2/U59/Y,2,196.658524
mix1/w1/bm2/U60,XNOR2xp5_bottom,mix1/w1/bm2/U60/Y,2,241.219711
mix1/w1/bm2/U61,XNOR2xp5_bottom,mix1/w1/bm2/U61/Y,1,250.554413
mix1/w1/bm2/U62,XNOR2xp5_upper,mix1/w1/bm2/U62/Y,1,196.658524
mix1/w1/bm2/U63,XOR2xp5_upper,mix1/w1/bm2/U63/Y,2,196.658524
mix1/w1/bm2/U64,XNOR2xp5_upper,mix1/w1/bm2/U64/Y,2,268.201141
mix1/w1/bm2/U65,XOR2xp5_upper,mix1/w1/bm2/U65/Y,1,268.201141
mix1/w1/bm2/U66,XOR2xp5_bottom,mix1/w1/bm2/U66/Y,2,268.201141
mix1/w1/bm2/U67,XNOR2xp5_bottom,mix1/w1/bm2/U67/Y,2,270.482361
mix1/w1/bm2/U68,XNOR2xp5_bottom,mix1/w1/bm2/U68/Y,2,295.946777
mix1/w1/bm2/U69,XNOR2xp5_bottom,mix1/w1/bm2/U69/Y,2,281.523590
mix1/w1/bm2/U70,XNOR2xp5_bottom,mix1/w1/bm2/U70/Y,1,281.523590
mix1/w1/bm2/U71,XNOR2xp5_bottom,mix1/w1/bm2/U71/Y,1,295.946777
mix1/w1/bm2/U72,XOR2xp5_upper,mix1/w1/bm2/U72/Y,2,294.220154
mix1/w1/bm2/U73,XNOR2xp5_bottom,mix1/w1/bm2/U73/Y,2,289.626587
mix1/w1/bm2/U74,XOR2xp5_bottom,mix1/w1/bm2/U74/Y,1,292.725739
mix1/w1/bm2/U75,XOR2x2_bottom,mix1/w1/bm2/U75/Y,5,241.219711
mix1/w1/bm2/U76,XNOR2xp5_bottom,mix1/w1/bm2/U76/Y,2,277.737457
mix1/w1/bm3/U1,XOR2xp5_upper,mix1/w1/bm3/U1/Y,1,233.667145
mix1/w1/bm3/U2,XNOR2xp5_upper,mix1/w1/bm3/U2/Y,1,233.667084
mix1/w1/bm3/U3,XOR2xp5_upper,mix1/w1/bm3/U3/Y,1,288.145844
mix1/w1/bm3/U4,XNOR2xp5_upper,mix1/w1/bm3/U4/Y,1,305.951935
mix1/w1/bm3/U5,XOR2xp5_bottom,mix1/w1/bm3/U5/Y,1,245.572845
mix1/w1/bm3/U6,XNOR2xp5_bottom,mix1/w1/bm3/U6/Y,1,245.572845
mix1/w1/bm3/U7,XNOR2xp5_bottom,mix1/w1/bm3/U7/Y,1,245.572845
mix1/w1/bm3/U8,XOR2xp5_upper,mix1/w1/bm3/U8/Y,1,287.896820
mix1/w1/bm3/U9,XOR2xp5_bottom,mix1/w1/bm3/U9/Y,1,292.335052
mix1/w1/bm3/U10,XOR2xp5_bottom,mix1/w1/bm3/U10/Y,1,197.540543
mix1/w1/bm3/U11,XNOR2xp5_upper,mix1/w1/bm3/U11/Y,1,197.540482
mix1/w1/bm3/U12,XNOR2xp5_upper,mix1/w1/bm3/U12/Y,1,197.540482
mix1/w1/bm3/U13,XOR2xp5_upper,mix1/w1/bm3/U13/Y,1,264.776215
mix1/w1/bm3/U14,XOR2xp5_upper,mix1/w1/bm3/U14/Y,1,264.776215
mix1/w1/bm3/U15,XOR2xp5_upper,mix1/w1/bm3/U15/Y,1,286.276489
mix1/w1/bm3/U16,XOR2xp5_upper,mix1/w1/bm3/U16/Y,1,213.983276
mix1/w1/bm3/U17,XOR2xp5_bottom,mix1/w1/bm3/U17/Y,1,213.983276
mix1/w1/bm3/U18,XOR2xp5_upper,mix1/w1/bm3/U18/Y,1,225.181824
mix1/w1/bm3/U19,XOR2xp5_upper,mix1/w1/bm3/U19/Y,1,229.722519
mix1/w1/bm3/U20,XOR2xp5_bottom,mix1/w1/bm3/U20/Y,1,229.722519
mix1/w1/bm3/U21,XNOR2xp5_upper,mix1/w1/bm3/U21/Y,1,337.354767
mix1/w1/bm3/U22,XOR2xp5_upper,mix1/w1/bm3/U22/Y,1,163.946030
mix1/w1/bm3/U23,XOR2xp5_bottom,mix1/w1/bm3/U23/Y,1,195.078064
mix1/w1/bm3/U24,XNOR2xp5_bottom,mix1/w1/bm3/U24/Y,1,195.078064
mix1/w1/bm3/U25,XOR2xp5_upper,mix1/w1/bm3/U25/Y,1,163.946030
mix1/w1/bm3/U26,XOR2xp5_upper,mix1/w1/bm3/U26/Y,1,163.946030
mix1/w1/bm3/U27,XOR2xp5_upper,mix1/w1/bm3/U27/Y,1,279.536407
mix1/w1/bm3/U28,XOR2xp5_upper,mix1/w1/bm3/U28/Y,1,212.345474
mix1/w1/bm3/U29,XOR2xp5_upper,mix1/w1/bm3/U29/Y,1,212.345474
mix1/w1/bm3/U30,XOR2xp5_upper,mix1/w1/bm3/U30/Y,1,212.345474
mix1/w1/bm3/U31,XOR2xp5_bottom,mix1/w1/bm3/U31/Y,1,292.234741
mix1/w1/bm3/U32,XOR2xp5_bottom,mix1/w1/bm3/U32/Y,1,295.350800
mix1/w1/bm3/U33,XOR2xp5_upper,mix1/w1/bm3/U33/Y,1,190.664764
mix1/w1/bm3/U34,XOR2xp5_upper,mix1/w1/bm3/U34/Y,1,190.664764
mix1/w1/bm3/U35,XNOR2x2_bottom,mix1/w1/bm3/U35/Y,4,212.345474
mix1/w1/bm3/U36,XOR2xp5_upper,mix1/w1/bm3/U36/Y,1,212.345474
mix1/w1/bm3/U37,XNOR2xp5_bottom,mix1/w1/bm3/U37/Y,1,242.057541
mix1/w1/bm3/U38,XOR2xp5_bottom,mix1/w1/bm3/U38/Y,1,212.636246
mix1/w1/bm3/U39,XNOR2xp5_upper,mix1/w1/bm3/U39/Y,4,163.946030
mix1/w1/bm3/U40,XOR2xp5_upper,mix1/w1/bm3/U40/Y,1,163.946030
mix1/w1/bm3/U41,XNOR2xp5_upper,mix1/w1/bm3/U41/Y,1,226.196060
mix1/w1/bm3/U42,XOR2xp5_upper,mix1/w1/bm3/U42/Y,2,233.667084
mix1/w1/bm3/U43,XOR2xp5_upper,mix1/w1/bm3/U43/Y,1,233.667084
mix1/w1/bm3/U44,XOR2x2_bottom,mix1/w1/bm3/U44/Y,5,233.667084
mix1/w1/bm3/U45,XOR2xp5_bottom,mix1/w1/bm3/U45/Y,2,212.345474
mix1/w1/bm3/U46,XOR2xp5_upper,mix1/w1/bm3/U46/Y,2,245.572845
mix1/w1/bm3/U47,XOR2xp5_bottom,mix1/w1/bm3/U47/Y,1,251.941299
mix1/w1/bm3/U48,XOR2xp5_bottom,mix1/w1/bm3/U48/Y,2,227.408142
mix1/w1/bm3/U49,XOR2xp5_upper,mix1/w1/bm3/U49/Y,2,183.343170
mix1/w1/bm3/U50,XOR2xp5_upper,mix1/w1/bm3/U50/Y,2,197.540482
mix1/w1/bm3/U51,XOR2xp5_upper,mix1/w1/bm3/U51/Y,1,197.540482
mix1/w1/bm3/U52,XOR2xp5_upper,mix1/w1/bm3/U52/Y,2,197.540482
mix1/w1/bm3/U53,XOR2xp5_upper,mix1/w1/bm3/U53/Y,2,163.946030
mix1/w1/bm3/U54,XNOR2xp5_bottom,mix1/w1/bm3/U54/Y,2,225.181824
mix1/w1/bm3/U55,XNOR2xp5_bottom,mix1/w1/bm3/U55/Y,2,249.421371
mix1/w1/bm3/U56,XNOR2xp5_upper,mix1/w1/bm3/U56/Y,1,261.971558
mix1/w1/bm3/U57,XNOR2xp5_upper,mix1/w1/bm3/U57/Y,1,225.181824
mix1/w1/bm3/U58,XOR2xp5_bottom,mix1/w1/bm3/U58/Y,2,225.181824
mix1/w1/bm3/U59,XNOR2xp5_upper,mix1/w1/bm3/U59/Y,2,195.078064
mix1/w1/bm3/U60,XNOR2xp5_bottom,mix1/w1/bm3/U60/Y,2,231.420944
mix1/w1/bm3/U61,XNOR2xp5_bottom,mix1/w1/bm3/U61/Y,1,241.394135
mix1/w1/bm3/U62,XNOR2xp5_upper,mix1/w1/bm3/U62/Y,1,195.078064
mix1/w1/bm3/U63,XOR2xp5_upper,mix1/w1/bm3/U63/Y,2,195.078064
mix1/w1/bm3/U64,XNOR2xp5_bottom,mix1/w1/bm3/U64/Y,2,249.342209
mix1/w1/bm3/U65,XOR2xp5_upper,mix1/w1/bm3/U65/Y,1,249.342209
mix1/w1/bm3/U66,XOR2xp5_upper,mix1/w1/bm3/U66/Y,2,249.342209
mix1/w1/bm3/U67,XNOR2xp5_upper,mix1/w1/bm3/U67/Y,2,258.039490
mix1/w1/bm3/U68,XNOR2xp5_upper,mix1/w1/bm3/U68/Y,2,249.976212
mix1/w1/bm3/U69,XNOR2xp5_upper,mix1/w1/bm3/U69/Y,2,249.976212
mix1/w1/bm3/U70,XNOR2xp5_upper,mix1/w1/bm3/U70/Y,1,249.976151
mix1/w1/bm3/U71,XNOR2xp5_upper,mix1/w1/bm3/U71/Y,1,273.972015
mix1/w1/bm3/U72,XOR2xp5_upper,mix1/w1/bm3/U72/Y,2,273.972015
mix1/w1/bm3/U73,XNOR2xp5_upper,mix1/w1/bm3/U73/Y,2,264.946747
mix1/w1/bm3/U74,XOR2xp5_bottom,mix1/w1/bm3/U74/Y,1,271.316040
mix1/w1/bm3/U75,XOR2x2_bottom,mix1/w1/bm3/U75/Y,5,231.420944
mix1/w1/bm3/U76,XNOR2xp5_upper,mix1/w1/bm3/U76/Y,2,264.946747
mix1/w1/bm4/U1,XOR2xp5_upper,mix1/w1/bm4/U1/Y,1,274.942291
mix1/w1/bm4/U2,XNOR2xp5_upper,mix1/w1/bm4/U2/Y,1,274.942291
mix1/w1/bm4/U3,XOR2xp5_upper,mix1/w1/bm4/U3/Y,1,292.229797
mix1/w1/bm4/U4,XNOR2xp5_upper,mix1/w1/bm4/U4/Y,1,371.517426
mix1/w1/bm4/U5,XOR2xp5_upper,mix1/w1/bm4/U5/Y,1,219.662949
mix1/w1/bm4/U6,XNOR2xp5_upper,mix1/w1/bm4/U6/Y,1,219.663010
mix1/w1/bm4/U7,XNOR2xp5_upper,mix1/w1/bm4/U7/Y,1,219.663010
mix1/w1/bm4/U8,XOR2xp5_upper,mix1/w1/bm4/U8/Y,1,318.867767
mix1/w1/bm4/U9,XOR2xp5_upper,mix1/w1/bm4/U9/Y,1,337.462402
mix1/w1/bm4/U10,XOR2xp5_upper,mix1/w1/bm4/U10/Y,1,201.904938
mix1/w1/bm4/U11,XNOR2xp5_upper,mix1/w1/bm4/U11/Y,1,201.904938
mix1/w1/bm4/U12,XNOR2xp5_upper,mix1/w1/bm4/U12/Y,1,201.904938
mix1/w1/bm4/U13,XOR2xp5_upper,mix1/w1/bm4/U13/Y,1,287.209869
mix1/w1/bm4/U14,XOR2xp5_upper,mix1/w1/bm4/U14/Y,1,287.209869
mix1/w1/bm4/U15,XOR2xp5_bottom,mix1/w1/bm4/U15/Y,1,351.544861
mix1/w1/bm4/U16,XOR2xp5_bottom,mix1/w1/bm4/U16/Y,1,204.966217
mix1/w1/bm4/U17,XOR2xp5_bottom,mix1/w1/bm4/U17/Y,1,204.966156
mix1/w1/bm4/U18,XOR2xp5_upper,mix1/w1/bm4/U18/Y,1,204.966156
mix1/w1/bm4/U19,XOR2xp5_bottom,mix1/w1/bm4/U19/Y,1,210.115311
mix1/w1/bm4/U20,XOR2xp5_bottom,mix1/w1/bm4/U20/Y,1,210.115311
mix1/w1/bm4/U21,XNOR2xp5_bottom,mix1/w1/bm4/U21/Y,1,359.822571
mix1/w1/bm4/U22,XOR2xp5_bottom,mix1/w1/bm4/U22/Y,1,201.149368
mix1/w1/bm4/U23,XOR2xp5_bottom,mix1/w1/bm4/U23/Y,1,202.893921
mix1/w1/bm4/U24,XNOR2xp5_upper,mix1/w1/bm4/U24/Y,1,202.893921
mix1/w1/bm4/U25,XOR2xp5_upper,mix1/w1/bm4/U25/Y,1,201.149368
mix1/w1/bm4/U26,XOR2xp5_bottom,mix1/w1/bm4/U26/Y,1,201.149368
mix1/w1/bm4/U27,XOR2xp5_upper,mix1/w1/bm4/U27/Y,1,341.585266
mix1/w1/bm4/U28,XOR2xp5_bottom,mix1/w1/bm4/U28/Y,1,192.828094
mix1/w1/bm4/U29,XOR2xp5_upper,mix1/w1/bm4/U29/Y,1,192.828094
mix1/w1/bm4/U30,XOR2xp5_upper,mix1/w1/bm4/U30/Y,1,192.828094
mix1/w1/bm4/U31,XOR2xp5_upper,mix1/w1/bm4/U31/Y,1,312.837921
mix1/w1/bm4/U32,XOR2xp5_bottom,mix1/w1/bm4/U32/Y,1,342.378906
mix1/w1/bm4/U33,XOR2xp5_upper,mix1/w1/bm4/U33/Y,1,216.717590
mix1/w1/bm4/U34,XOR2xp5_upper,mix1/w1/bm4/U34/Y,1,216.717590
mix1/w1/bm4/U35,XNOR2xp5_upper,mix1/w1/bm4/U35/Y,4,192.828094
mix1/w1/bm4/U36,XOR2xp5_upper,mix1/w1/bm4/U36/Y,1,192.828094
mix1/w1/bm4/U37,XNOR2xp5_upper,mix1/w1/bm4/U37/Y,1,264.237640
mix1/w1/bm4/U38,XOR2xp5_upper,mix1/w1/bm4/U38/Y,1,239.457962
mix1/w1/bm4/U39,XNOR2xp5_upper,mix1/w1/bm4/U39/Y,4,201.149368
mix1/w1/bm4/U40,XOR2xp5_upper,mix1/w1/bm4/U40/Y,1,201.149368
mix1/w1/bm4/U41,XNOR2xp5_bottom,mix1/w1/bm4/U41/Y,1,295.721558
mix1/w1/bm4/U42,XOR2xp5_upper,mix1/w1/bm4/U42/Y,2,274.942291
mix1/w1/bm4/U43,XOR2xp5_bottom,mix1/w1/bm4/U43/Y,1,274.942291
mix1/w1/bm4/U44,XOR2x2_bottom,mix1/w1/bm4/U44/Y,5,274.942291
mix1/w1/bm4/U45,XOR2xp5_upper,mix1/w1/bm4/U45/Y,2,207.858734
mix1/w1/bm4/U46,XOR2xp5_bottom,mix1/w1/bm4/U46/Y,2,219.663010
mix1/w1/bm4/U47,XOR2xp5_upper,mix1/w1/bm4/U47/Y,1,219.663010
mix1/w1/bm4/U48,XOR2xp5_upper,mix1/w1/bm4/U48/Y,2,192.828094
mix1/w1/bm4/U49,XOR2xp5_bottom,mix1/w1/bm4/U49/Y,2,201.149368
mix1/w1/bm4/U50,XOR2xp5_bottom,mix1/w1/bm4/U50/Y,2,201.904938
mix1/w1/bm4/U51,XOR2xp5_upper,mix1/w1/bm4/U51/Y,1,201.904938
mix1/w1/bm4/U52,XOR2xp5_upper,mix1/w1/bm4/U52/Y,2,201.904938
mix1/w1/bm4/U53,XOR2xp5_upper,mix1/w1/bm4/U53/Y,2,204.895935
mix1/w1/bm4/U54,XNOR2xp5_upper,mix1/w1/bm4/U54/Y,2,204.966156
mix1/w1/bm4/U55,XNOR2xp5_upper,mix1/w1/bm4/U55/Y,2,204.966156
mix1/w1/bm4/U56,XNOR2xp5_upper,mix1/w1/bm4/U56/Y,1,219.448181
mix1/w1/bm4/U57,XNOR2xp5_upper,mix1/w1/bm4/U57/Y,1,217.789459
mix1/w1/bm4/U58,XOR2xp5_bottom,mix1/w1/bm4/U58/Y,2,217.789459
mix1/w1/bm4/U59,XNOR2xp5_upper,mix1/w1/bm4/U59/Y,2,202.893921
mix1/w1/bm4/U60,XNOR2xp5_upper,mix1/w1/bm4/U60/Y,2,202.893921
mix1/w1/bm4/U61,XNOR2xp5_bottom,mix1/w1/bm4/U61/Y,1,245.064362
mix1/w1/bm4/U62,XNOR2xp5_upper,mix1/w1/bm4/U62/Y,1,249.004089
mix1/w1/bm4/U63,XOR2xp5_upper,mix1/w1/bm4/U63/Y,2,249.004089
mix1/w1/bm4/U64,XNOR2xp5_upper,mix1/w1/bm4/U64/Y,2,256.665466
mix1/w1/bm4/U65,XOR2xp5_upper,mix1/w1/bm4/U65/Y,1,256.665466
mix1/w1/bm4/U66,XOR2xp5_upper,mix1/w1/bm4/U66/Y,2,256.665466
mix1/w1/bm4/U67,XNOR2xp5_upper,mix1/w1/bm4/U67/Y,2,281.737427
mix1/w1/bm4/U68,XNOR2xp5_upper,mix1/w1/bm4/U68/Y,2,246.406067
mix1/w1/bm4/U69,XNOR2xp5_bottom,mix1/w1/bm4/U69/Y,2,255.757248
mix1/w1/bm4/U70,XNOR2xp5_upper,mix1/w1/bm4/U70/Y,1,261.302582
mix1/w1/bm4/U71,XNOR2xp5_upper,mix1/w1/bm4/U71/Y,1,246.406067
mix1/w1/bm4/U72,XOR2xp5_upper,mix1/w1/bm4/U72/Y,2,246.406067
mix1/w1/bm4/U73,XNOR2xp5_upper,mix1/w1/bm4/U73/Y,2,256.023651
mix1/w1/bm4/U74,XOR2xp5_upper,mix1/w1/bm4/U74/Y,1,256.023651
mix1/w1/bm4/U75,XOR2x2_bottom,mix1/w1/bm4/U75/Y,5,202.893921
mix1/w1/bm4/U76,XNOR2xp5_upper,mix1/w1/bm4/U76/Y,2,275.046814
mix1/U631,INVx1_bottom,mix1/U631/Y,2,525.650330
mix1/U661,INVx1_upper,mix1/U661/Y,2,313.464874
mix1/U662,INVx1_upper,mix1/U662/Y,2,313.464844
mix1/U663,INVx4_bottom,mix1/U663/Y,32,442.109192
mix1/U664,INVx1_upper,mix1/U664/Y,2,315.540802
ks1/FE_PHC374_n22,BUFx2_bottom,ks1/FE_PHC374_n22/Y,2,199.620438
ks1/FE_PHC366_n435,BUFx2_upper,ks1/FE_PHC366_n435/Y,1,158.314590
ks1/FE_PHC348_keysched_last_key_i_88,BUFx2_upper,ks1/FE_PHC348_keysched_last_key_i_88/Y,1,396.531097
ks1/FE_PHC344_n361,BUFx2_upper,ks1/FE_PHC344_n361/Y,1,370.598541
ks1/FE_PHC343_keysched_last_key_i_89,BUFx2_upper,ks1/FE_PHC343_keysched_last_key_i_89/Y,1,388.005859
ks1/FE_PHC334_keysched_last_key_i_78,BUFx2_upper,ks1/FE_PHC334_keysched_last_key_i_78/Y,1,404.436768
ks1/FE_PHC333_n329,BUFx2_upper,ks1/FE_PHC333_n329/Y,1,463.640350
ks1/FE_PHC317_keysched_last_key_i_26,BUFx2_upper,ks1/FE_PHC317_keysched_last_key_i_26/Y,1,459.592133
ks1/FE_PHC309_n401,BUFx2_upper,ks1/FE_PHC309_n401/Y,1,407.345215
ks1/FE_PHC308_n18,BUFx4_upper,ks1/FE_PHC308_n18/Y,2,156.304916
ks1/FE_PHC307_n291,BUFx2_upper,ks1/FE_PHC307_n291/Y,1,489.951569
ks1/FE_PHC288_keysched_last_key_i_91,BUFx2_upper,ks1/FE_PHC288_keysched_last_key_i_91/Y,1,392.690613
ks1/FE_PHC281_keysched_last_key_i_106,BUFx2_bottom,ks1/FE_PHC281_keysched_last_key_i_106/Y,1,354.723358
ks1/FE_PHC214_keysched_last_key_i_25,BUFx2_bottom,ks1/FE_PHC214_keysched_last_key_i_25/Y,1,457.617157
ks1/FE_PHC213_keysched_last_key_i_19,BUFx2_upper,ks1/FE_PHC213_keysched_last_key_i_19/Y,1,508.364838
ks1/FE_PHC199_keysched_last_key_i_31,BUFx2_upper,ks1/FE_PHC199_keysched_last_key_i_31/Y,1,463.170349
ks1/FE_OFC46_FE_DBTN90_n14,BUFx3_upper,ks1/FE_OFC46_FE_DBTN90_n14/Y,29,598.005859
ks1/FE_OFC45_FE_DBTN90_n14,BUFx5_bottom,ks1/FE_OFC45_FE_DBTN90_n14/Y,43,585.134094
ks1/FE_OFC42_n14,BUFx8_bottom,ks1/FE_OFC42_n14/Y,75,585.134094
ks1/FE_OFC41_n14,BUFx2_upper,ks1/FE_OFC41_n14/Y,22,707.899841
ks1/FE_OFC40_n5,BUFx2_bottom,ks1/FE_OFC40_n5/Y,17,229.649887
ks1/FE_OFC39_n4,BUFx2_upper,ks1/FE_OFC39_n4/Y,19,194.810760
ks1/FE_OFC38_n2,BUFx2_bottom,ks1/FE_OFC38_n2/Y,18,240.167419
ks1/FE_DBTC90_n14,INVx5_upper,ks1/FE_DBTC90_n14/Y,58,585.134155
ks1/state_reg_0_,DFFASRHQNx1_upper,ks1/state_reg_0_/QN,4,209.047699
ks1/state_reg_1_,DFFASRHQNx1_bottom,ks1/state_reg_1_/QN,4,194.810745
ks1/state_reg_2_,DFFASRHQNx1_bottom,ks1/state_reg_2_/QN,5,212.379639
ks1/ready_o_reg,DFFASRHQNx1_upper,ks1/ready_o_reg/QN,2,132.704742
ks1/key_reg_reg_111_,DFFASRHQNx1_upper,ks1/key_reg_reg_111_/QN,3,723.363159
ks1/key_reg_reg_110_,DFFASRHQNx1_upper,ks1/key_reg_reg_110_/QN,3,717.687256
ks1/key_reg_reg_109_,DFFASRHQNx1_upper,ks1/key_reg_reg_109_/QN,3,721.123657
ks1/key_reg_reg_108_,DFFASRHQNx1_upper,ks1/key_reg_reg_108_/QN,3,721.621216
ks1/key_reg_reg_107_,DFFASRHQNx1_upper,ks1/key_reg_reg_107_/QN,3,709.429871
ks1/key_reg_reg_106_,DFFASRHQNx1_upper,ks1/key_reg_reg_106_/QN,3,693.481201
ks1/key_reg_reg_105_,DFFASRHQNx1_upper,ks1/key_reg_reg_105_/QN,3,710.952087
ks1/key_reg_reg_104_,DFFASRHQNx1_upper,ks1/key_reg_reg_104_/QN,3,716.594116
ks1/key_reg_reg_79_,DFFASRHQNx1_upper,ks1/key_reg_reg_79_/QN,3,758.599548
ks1/key_reg_reg_78_,DFFASRHQNx1_upper,ks1/key_reg_reg_78_/QN,3,748.418274
ks1/key_reg_reg_77_,DFFASRHQNx1_upper,ks1/key_reg_reg_77_/QN,3,753.319214
ks1/key_reg_reg_76_,DFFASRHQNx1_upper,ks1/key_reg_reg_76_/QN,3,764.082275
ks1/key_reg_reg_75_,DFFASRHQNx1_upper,ks1/key_reg_reg_75_/QN,3,752.378357
ks1/key_reg_reg_74_,DFFASRHQNx1_bottom,ks1/key_reg_reg_74_/QN,3,750.635559
ks1/key_reg_reg_73_,DFFASRHQNx1_bottom,ks1/key_reg_reg_73_/QN,3,759.898621
ks1/key_reg_reg_72_,DFFASRHQNx1_bottom,ks1/key_reg_reg_72_/QN,3,753.052185
ks1/key_reg_reg_47_,DFFASRHQNx1_bottom,ks1/key_reg_reg_47_/QN,3,798.071045
ks1/key_reg_reg_46_,DFFASRHQNx1_bottom,ks1/key_reg_reg_46_/QN,3,791.745667
ks1/key_reg_reg_45_,DFFASRHQNx1_bottom,ks1/key_reg_reg_45_/QN,3,796.330322
ks1/key_reg_reg_44_,DFFASRHQNx1_bottom,ks1/key_reg_reg_44_/QN,3,803.824890
ks1/key_reg_reg_43_,DFFASRHQNx1_upper,ks1/key_reg_reg_43_/QN,3,790.413025
ks1/key_reg_reg_42_,DFFASRHQNx1_upper,ks1/key_reg_reg_42_/QN,3,779.648621
ks1/key_reg_reg_41_,DFFASRHQNx1_upper,ks1/key_reg_reg_41_/QN,3,790.674744
ks1/key_reg_reg_40_,DFFASRHQNx1_bottom,ks1/key_reg_reg_40_/QN,3,790.066528
ks1/key_reg_reg_15_,DFFASRHQNx1_bottom,ks1/key_reg_reg_15_/QN,3,362.936005
ks1/key_reg_reg_14_,DFFASRHQNx1_upper,ks1/key_reg_reg_14_/QN,3,367.969940
ks1/key_reg_reg_13_,DFFASRHQNx1_bottom,ks1/key_reg_reg_13_/QN,3,423.669708
ks1/key_reg_reg_12_,DFFASRHQNx1_upper,ks1/key_reg_reg_12_/QN,3,394.277496
ks1/key_reg_reg_11_,DFFASRHQNx1_upper,ks1/key_reg_reg_11_/QN,3,365.043945
ks1/key_reg_reg_10_,DFFASRHQNx1_bottom,ks1/key_reg_reg_10_/QN,3,370.965912
ks1/key_reg_reg_9_,DFFASRHQNx1_bottom,ks1/key_reg_reg_9_/QN,3,376.727661
ks1/key_reg_reg_8_,DFFASRHQNx1_bottom,ks1/key_reg_reg_8_/QN,3,441.532654
ks1/col_reg_31_,DFFASRHQNx1_bottom,ks1/col_reg_31_/QN,2,744.595947
ks1/key_reg_reg_127_,DFFASRHQNx1_upper,ks1/key_reg_reg_127_/QN,3,704.083008
ks1/key_reg_reg_95_,DFFASRHQNx1_upper,ks1/key_reg_reg_95_/QN,3,767.240662
ks1/key_reg_reg_63_,DFFASRHQNx1_bottom,ks1/key_reg_reg_63_/QN,3,806.233398
ks1/key_reg_reg_31_,DFFASRHQNx1_upper,ks1/key_reg_reg_31_/QN,3,392.855652
ks1/col_reg_30_,DFFASRHQNx1_upper,ks1/col_reg_30_/QN,2,740.663086
ks1/key_reg_reg_126_,DFFASRHQNx1_upper,ks1/key_reg_reg_126_/QN,3,707.223267
ks1/key_reg_reg_94_,DFFASRHQNx1_upper,ks1/key_reg_reg_94_/QN,3,756.866211
ks1/key_reg_reg_62_,DFFASRHQNx1_upper,ks1/key_reg_reg_62_/QN,3,793.138428
ks1/key_reg_reg_30_,DFFASRHQNx1_upper,ks1/key_reg_reg_30_/QN,3,392.408783
ks1/col_reg_29_,DFFASRHQNx1_upper,ks1/col_reg_29_/QN,2,706.907410
ks1/key_reg_reg_125_,DFFASRHQNx1_upper,ks1/key_reg_reg_125_/QN,3,672.794800
ks1/key_reg_reg_93_,DFFASRHQNx1_bottom,ks1/key_reg_reg_93_/QN,3,743.269653
ks1/key_reg_reg_61_,DFFASRHQNx1_upper,ks1/key_reg_reg_61_/QN,3,787.216492
ks1/key_reg_reg_29_,DFFASRHQNx1_upper,ks1/key_reg_reg_29_/QN,3,451.299561
ks1/col_reg_28_,DFFASRHQNx1_bottom,ks1/col_reg_28_/QN,2,744.184021
ks1/key_reg_reg_124_,DFFASRHQNx1_bottom,ks1/key_reg_reg_124_/QN,3,705.397766
ks1/key_reg_reg_92_,DFFASRHQNx1_upper,ks1/key_reg_reg_92_/QN,3,755.436829
ks1/key_reg_reg_60_,DFFASRHQNx1_bottom,ks1/key_reg_reg_60_/QN,3,808.416992
ks1/key_reg_reg_28_,DFFASRHQNx1_bottom,ks1/key_reg_reg_28_/QN,3,416.555023
ks1/col_reg_27_,DFFASRHQNx1_upper,ks1/col_reg_27_/QN,2,717.372314
ks1/key_reg_reg_123_,DFFASRHQNx1_upper,ks1/key_reg_reg_123_/QN,3,681.294678
ks1/key_reg_reg_91_,DFFASRHQNx1_upper,ks1/key_reg_reg_91_/QN,3,732.256287
ks1/key_reg_reg_59_,DFFASRHQNx1_upper,ks1/key_reg_reg_59_/QN,3,787.906677
ks1/key_reg_reg_27_,DFFASRHQNx1_upper,ks1/key_reg_reg_27_/QN,3,360.546021
ks1/col_reg_26_,DFFASRHQNx1_upper,ks1/col_reg_26_/QN,2,708.420715
ks1/key_reg_reg_122_,DFFASRHQNx1_upper,ks1/key_reg_reg_122_/QN,3,669.542175
ks1/key_reg_reg_90_,DFFASRHQNx1_upper,ks1/key_reg_reg_90_/QN,3,741.574280
ks1/key_reg_reg_58_,DFFASRHQNx1_bottom,ks1/key_reg_reg_58_/QN,3,798.072510
ks1/key_reg_reg_26_,DFFASRHQNx1_upper,ks1/key_reg_reg_26_/QN,3,375.455139
ks1/col_reg_25_,DFFASRHQNx1_bottom,ks1/col_reg_25_/QN,2,727.246948
ks1/key_reg_reg_121_,DFFASRHQNx1_bottom,ks1/key_reg_reg_121_/QN,3,695.053894
ks1/key_reg_reg_89_,DFFASRHQNx1_bottom,ks1/key_reg_reg_89_/QN,3,732.063538
ks1/key_reg_reg_57_,DFFASRHQNx1_upper,ks1/key_reg_reg_57_/QN,3,792.205078
ks1/key_reg_reg_25_,DFFASRHQNx1_upper,ks1/key_reg_reg_25_/QN,3,398.893066
ks1/col_reg_24_,DFFASRHQNx1_upper,ks1/col_reg_24_/QN,2,710.702820
ks1/key_reg_reg_120_,DFFASRHQNx1_bottom,ks1/key_reg_reg_120_/QN,3,676.249573
ks1/key_reg_reg_88_,DFFASRHQNx1_upper,ks1/key_reg_reg_88_/QN,3,730.130737
ks1/key_reg_reg_56_,DFFASRHQNx1_upper,ks1/key_reg_reg_56_/QN,3,795.038208
ks1/key_reg_reg_24_,DFFASRHQNx1_upper,ks1/key_reg_reg_24_/QN,3,446.299957
ks1/col_reg_23_,DFFASRHQNx1_upper,ks1/col_reg_23_/QN,2,755.321838
ks1/key_reg_reg_119_,DFFASRHQNx1_upper,ks1/key_reg_reg_119_/QN,3,719.899170
ks1/key_reg_reg_87_,DFFASRHQNx1_upper,ks1/key_reg_reg_87_/QN,3,755.458313
ks1/key_reg_reg_55_,DFFASRHQNx1_bottom,ks1/key_reg_reg_55_/QN,3,796.029358
ks1/key_reg_reg_23_,DFFASRHQNx1_upper,ks1/key_reg_reg_23_/QN,3,392.589813
ks1/col_reg_22_,DFFASRHQNx1_bottom,ks1/col_reg_22_/QN,2,747.412476
ks1/key_reg_reg_118_,DFFASRHQNx1_upper,ks1/key_reg_reg_118_/QN,3,713.652344
ks1/key_reg_reg_86_,DFFASRHQNx1_upper,ks1/key_reg_reg_86_/QN,3,750.943359
ks1/key_reg_reg_54_,DFFASRHQNx1_bottom,ks1/key_reg_reg_54_/QN,3,792.019104
ks1/key_reg_reg_22_,DFFASRHQNx1_upper,ks1/key_reg_reg_22_/QN,3,388.087799
ks1/col_reg_21_,DFFASRHQNx1_bottom,ks1/col_reg_21_/QN,2,751.859131
ks1/key_reg_reg_117_,DFFASRHQNx1_bottom,ks1/key_reg_reg_117_/QN,3,720.214233
ks1/key_reg_reg_85_,DFFASRHQNx1_bottom,ks1/key_reg_reg_85_/QN,3,750.529846
ks1/key_reg_reg_53_,DFFASRHQNx1_bottom,ks1/key_reg_reg_53_/QN,3,798.538452
ks1/key_reg_reg_21_,DFFASRHQNx1_upper,ks1/key_reg_reg_21_/QN,3,440.496216
ks1/col_reg_20_,DFFASRHQNx1_upper,ks1/col_reg_20_/QN,2,755.709595
ks1/key_reg_reg_116_,DFFASRHQNx1_bottom,ks1/key_reg_reg_116_/QN,3,730.637634
ks1/key_reg_reg_84_,DFFASRHQNx1_upper,ks1/key_reg_reg_84_/QN,3,752.546387
ks1/key_reg_reg_52_,DFFASRHQNx1_upper,ks1/key_reg_reg_52_/QN,3,801.264099
ks1/key_reg_reg_20_,DFFASRHQNx1_upper,ks1/key_reg_reg_20_/QN,3,409.431641
ks1/col_reg_19_,DFFASRHQNx1_upper,ks1/col_reg_19_/QN,2,729.867859
ks1/key_reg_reg_115_,DFFASRHQNx1_upper,ks1/key_reg_reg_115_/QN,3,698.201050
ks1/key_reg_reg_83_,DFFASRHQNx1_upper,ks1/key_reg_reg_83_/QN,3,736.851685
ks1/key_reg_reg_51_,DFFASRHQNx1_bottom,ks1/key_reg_reg_51_/QN,3,786.241943
ks1/key_reg_reg_19_,DFFASRHQNx1_upper,ks1/key_reg_reg_19_/QN,3,380.981567
ks1/col_reg_18_,DFFASRHQNx1_upper,ks1/col_reg_18_/QN,2,754.134094
ks1/key_reg_reg_114_,DFFASRHQNx1_upper,ks1/key_reg_reg_114_/QN,3,721.532043
ks1/key_reg_reg_82_,DFFASRHQNx1_upper,ks1/key_reg_reg_82_/QN,3,753.940613
ks1/key_reg_reg_50_,DFFASRHQNx1_bottom,ks1/key_reg_reg_50_/QN,3,800.947205
ks1/key_reg_reg_18_,DFFASRHQNx1_bottom,ks1/key_reg_reg_18_/QN,3,387.086212
ks1/col_reg_17_,DFFASRHQNx1_upper,ks1/col_reg_17_/QN,2,754.702942
ks1/key_reg_reg_113_,DFFASRHQNx1_upper,ks1/key_reg_reg_113_/QN,3,720.973572
ks1/key_reg_reg_81_,DFFASRHQNx1_upper,ks1/key_reg_reg_81_/QN,3,752.347412
ks1/key_reg_reg_49_,DFFASRHQNx1_bottom,ks1/key_reg_reg_49_/QN,3,793.099182
ks1/key_reg_reg_17_,DFFASRHQNx1_upper,ks1/key_reg_reg_17_/QN,3,413.011475
ks1/col_reg_16_,DFFASRHQNx1_upper,ks1/col_reg_16_/QN,2,760.944946
ks1/key_reg_reg_112_,DFFASRHQNx1_upper,ks1/key_reg_reg_112_/QN,3,734.063843
ks1/key_reg_reg_80_,DFFASRHQNx1_upper,ks1/key_reg_reg_80_/QN,3,767.791626
ks1/key_reg_reg_48_,DFFASRHQNx1_bottom,ks1/key_reg_reg_48_/QN,3,803.261353
ks1/key_reg_reg_16_,DFFASRHQNx1_upper,ks1/key_reg_reg_16_/QN,3,466.683807
ks1/col_reg_7_,DFFASRHQNx1_upper,ks1/col_reg_7_/QN,2,746.179504
ks1/key_reg_reg_103_,DFFASRHQNx1_upper,ks1/key_reg_reg_103_/QN,3,715.543396
ks1/key_reg_reg_71_,DFFASRHQNx1_upper,ks1/key_reg_reg_71_/QN,3,750.317749
ks1/key_reg_reg_39_,DFFASRHQNx1_bottom,ks1/key_reg_reg_39_/QN,3,800.761353
ks1/key_reg_reg_7_,DFFASRHQNx1_bottom,ks1/key_reg_reg_7_/QN,3,367.154327
ks1/col_reg_6_,DFFASRHQNx1_upper,ks1/col_reg_6_/QN,2,735.178650
ks1/key_reg_reg_102_,DFFASRHQNx1_upper,ks1/key_reg_reg_102_/QN,3,705.346680
ks1/key_reg_reg_70_,DFFASRHQNx1_upper,ks1/key_reg_reg_70_/QN,3,739.231445
ks1/key_reg_reg_38_,DFFASRHQNx1_upper,ks1/key_reg_reg_38_/QN,3,791.722839
ks1/key_reg_reg_6_,DFFASRHQNx1_upper,ks1/key_reg_reg_6_/QN,3,375.401886
ks1/col_reg_5_,DFFASRHQNx1_bottom,ks1/col_reg_5_/QN,2,741.587952
ks1/key_reg_reg_101_,DFFASRHQNx1_upper,ks1/key_reg_reg_101_/QN,3,704.802673
ks1/key_reg_reg_69_,DFFASRHQNx1_upper,ks1/key_reg_reg_69_/QN,3,745.439941
ks1/key_reg_reg_37_,DFFASRHQNx1_upper,ks1/key_reg_reg_37_/QN,3,788.338379
ks1/key_reg_reg_5_,DFFASRHQNx1_bottom,ks1/key_reg_reg_5_/QN,3,429.948334
ks1/col_reg_4_,DFFASRHQNx1_upper,ks1/col_reg_4_/QN,2,747.021179
ks1/key_reg_reg_100_,DFFASRHQNx1_upper,ks1/key_reg_reg_100_/QN,3,716.927979
ks1/key_reg_reg_68_,DFFASRHQNx1_bottom,ks1/key_reg_reg_68_/QN,3,758.939026
ks1/key_reg_reg_36_,DFFASRHQNx1_bottom,ks1/key_reg_reg_36_/QN,3,790.852600
ks1/key_reg_reg_4_,DFFASRHQNx1_upper,ks1/key_reg_reg_4_/QN,3,403.138641
ks1/col_reg_3_,DFFASRHQNx1_upper,ks1/col_reg_3_/QN,2,746.258911
ks1/key_reg_reg_99_,DFFASRHQNx1_bottom,ks1/key_reg_reg_99_/QN,3,721.640076
ks1/key_reg_reg_67_,DFFASRHQNx1_upper,ks1/key_reg_reg_67_/QN,3,755.692261
ks1/key_reg_reg_35_,DFFASRHQNx1_upper,ks1/key_reg_reg_35_/QN,3,795.261047
ks1/key_reg_reg_3_,DFFASRHQNx1_bottom,ks1/key_reg_reg_3_/QN,3,370.579803
ks1/col_reg_2_,DFFASRHQNx1_upper,ks1/col_reg_2_/QN,2,753.822876
ks1/key_reg_reg_98_,DFFASRHQNx1_bottom,ks1/key_reg_reg_98_/QN,3,726.659180
ks1/key_reg_reg_66_,DFFASRHQNx1_upper,ks1/key_reg_reg_66_/QN,3,759.542114
ks1/key_reg_reg_34_,DFFASRHQNx1_bottom,ks1/key_reg_reg_34_/QN,3,804.202393
ks1/key_reg_reg_2_,DFFASRHQNx1_upper,ks1/key_reg_reg_2_/QN,3,371.173553
ks1/col_reg_1_,DFFASRHQNx1_upper,ks1/col_reg_1_/QN,2,752.319885
ks1/key_reg_reg_97_,DFFASRHQNx1_upper,ks1/key_reg_reg_97_/QN,3,721.343994
ks1/key_reg_reg_65_,DFFASRHQNx1_upper,ks1/key_reg_reg_65_/QN,3,762.543701
ks1/key_reg_reg_33_,DFFASRHQNx1_bottom,ks1/key_reg_reg_33_/QN,3,800.634949
ks1/key_reg_reg_1_,DFFASRHQNx1_upper,ks1/key_reg_reg_1_/QN,3,392.731873
ks1/col_reg_0_,DFFASRHQNx1_upper,ks1/col_reg_0_/QN,2,763.128540
ks1/key_reg_reg_96_,DFFASRHQNx1_upper,ks1/key_reg_reg_96_/QN,3,731.633179
ks1/key_reg_reg_64_,DFFASRHQNx1_bottom,ks1/key_reg_reg_64_/QN,3,775.418335
ks1/key_reg_reg_32_,DFFASRHQNx1_upper,ks1/key_reg_reg_32_/QN,3,799.816223
ks1/key_reg_reg_0_,DFFASRHQNx1_bottom,ks1/key_reg_reg_0_/QN,3,456.525269
ks1/U3,AO221x1_upper,ks1/U3/Y,1,26.987246
ks1/U4,AO22x1_upper,ks1/U4/Y,1,26.987246
ks1/U5,AO221x1_upper,ks1/U5/Y,1,25.830948
ks1/U6,AO22x1_upper,ks1/U6/Y,1,25.830948
ks1/U7,AO221x1_upper,ks1/U7/Y,1,93.098915
ks1/U8,AO22x1_bottom,ks1/U8/Y,1,93.098915
ks1/U9,AO221x1_bottom,ks1/U9/Y,1,52.068794
ks1/U10,AO22x1_upper,ks1/U10/Y,1,52.068794
ks1/U11,AO221x1_bottom,ks1/U11/Y,1,17.118029
ks1/U12,AO22x1_upper,ks1/U12/Y,1,27.517544
ks1/U13,AO221x1_bottom,ks1/U13/Y,1,33.234360
ks1/U14,AO22x1_upper,ks1/U14/Y,1,33.234360
ks1/U15,AO221x1_upper,ks1/U15/Y,1,34.770241
ks1/U16,AO22x1_bottom,ks1/U16/Y,1,34.770241
ks1/U17,AO221x1_bottom,ks1/U17/Y,1,93.939690
ks1/U18,AO22x1_upper,ks1/U18/Y,1,93.939690
ks1/U20,NAND5xp2_bottom,ks1/U20/Y,1,103.411087
ks1/U21,NAND2xp5_upper,ks1/U21/Y,2,103.411087
ks1/U22,OAI22xp5_upper,ks1/U22/Y,1,182.354416
ks1/U23,OAI22xp5_bottom,ks1/U23/Y,1,158.314636
ks1/U24,OAI22xp5_upper,ks1/U24/Y,1,194.191330
ks1/U25,OAI22xp5_upper,ks1/U25/Y,1,219.701813
ks1/U26,OAI22xp5_upper,ks1/U26/Y,1,233.221283
ks1/U27,OAI22xp5_bottom,ks1/U27/Y,1,228.194458
ks1/U28,OAI22xp5_bottom,ks1/U28/Y,1,228.276291
ks1/U29,OAI22xp5_bottom,ks1/U29/Y,1,221.295700
ks1/U30,OAI22xp5_upper,ks1/U30/Y,1,223.017609
ks1/U31,OAI22xp5_bottom,ks1/U31/Y,1,223.276840
ks1/U32,OAI22xp5_bottom,ks1/U32/Y,1,243.296158
ks1/U33,OAI22xp5_upper,ks1/U33/Y,1,263.935699
ks1/U34,OAI22xp5_bottom,ks1/U34/Y,1,272.099579
ks1/U35,OAI22xp5_bottom,ks1/U35/Y,1,260.824463
ks1/U36,OAI22xp5_upper,ks1/U36/Y,1,253.707672
ks1/U37,OAI22xp5_upper,ks1/U37/Y,1,244.171356
ks1/U38,OAI22xp5_upper,ks1/U38/Y,1,256.433044
ks1/U39,OAI22xp5_upper,ks1/U39/Y,1,247.914963
ks1/U40,OAI22xp5_bottom,ks1/U40/Y,1,281.058075
ks1/U41,OAI22xp5_bottom,ks1/U41/Y,1,307.536987
ks1/U42,OAI22xp5_upper,ks1/U42/Y,1,298.806763
ks1/U43,OAI22xp5_upper,ks1/U43/Y,1,295.649841
ks1/U44,OAI22xp5_upper,ks1/U44/Y,1,283.217224
ks1/U45,OAI22xp5_upper,ks1/U45/Y,1,286.614136
ks1/U46,NAND3xp33_upper,ks1/U46/Y,2,284.327515
ks1/U47,NOR2x1_bottom,ks1/U47/Y,1,811.045654
ks1/U48,OAI22xp5_bottom,ks1/U48/Y,1,664.990967
ks1/U50,OAI22xp5_upper,ks1/U50/Y,1,403.615021
ks1/U51,XOR2xp5_upper,ks1/U51/Y,1,403.614990
ks1/U52,OAI22xp5_upper,ks1/U52/Y,1,425.967590
ks1/U53,XOR2xp5_bottom,ks1/U53/Y,2,403.614990
ks1/U54,OAI22xp5_bottom,ks1/U54/Y,1,459.769897
ks1/U55,XOR2xp5_bottom,ks1/U55/Y,2,403.614929
ks1/U56,OAI22xp5_upper,ks1/U56/Y,1,484.149902
ks1/U57,XOR2xp5_upper,ks1/U57/Y,2,403.614929
ks1/U58,OAI22xp5_upper,ks1/U58/Y,1,302.843628
ks1/U59,OAI22xp5_bottom,ks1/U59/Y,1,392.177856
ks1/U60,XOR2xp5_upper,ks1/U60/Y,1,392.177795
ks1/U61,OAI22xp5_bottom,ks1/U61/Y,1,423.926453
ks1/U62,XOR2xp5_bottom,ks1/U62/Y,2,392.177734
ks1/U63,OAI22xp5_upper,ks1/U63/Y,1,446.003357
ks1/U64,XOR2xp5_upper,ks1/U64/Y,2,392.177795
ks1/U65,OAI22xp5_upper,ks1/U65/Y,1,487.504913
ks1/U66,XOR2xp5_upper,ks1/U66/Y,2,392.177795
ks1/U67,OAI22xp5_upper,ks1/U67/Y,1,307.029846
ks1/U68,OAI22xp5_upper,ks1/U68/Y,1,436.142334
ks1/U69,XOR2xp5_bottom,ks1/U69/Y,1,436.142334
ks1/U70,OAI22xp5_bottom,ks1/U70/Y,1,459.836548
ks1/U71,XOR2xp5_bottom,ks1/U71/Y,2,436.142395
ks1/U72,OAI22xp5_upper,ks1/U72/Y,1,487.065338
ks1/U73,XOR2xp5_upper,ks1/U73/Y,2,436.142395
ks1/U74,OAI22xp5_bottom,ks1/U74/Y,1,537.552612
ks1/U75,XOR2xp5_upper,ks1/U75/Y,2,436.142395
ks1/U76,OAI22xp5_upper,ks1/U76/Y,1,331.113251
ks1/U77,OAI22xp5_bottom,ks1/U77/Y,1,434.629120
ks1/U78,XOR2xp5_bottom,ks1/U78/Y,1,434.629120
ks1/U79,OAI22xp5_upper,ks1/U79/Y,1,451.003113
ks1/U80,XOR2xp5_upper,ks1/U80/Y,2,434.629059
ks1/U81,OAI22xp5_upper,ks1/U81/Y,1,492.012207
ks1/U82,XOR2xp5_upper,ks1/U82/Y,2,434.628998
ks1/U83,OAI22xp5_upper,ks1/U83/Y,1,539.906067
ks1/U84,XOR2xp5_upper,ks1/U84/Y,2,434.629059
ks1/U85,OAI22xp5_upper,ks1/U85/Y,1,359.471832
ks1/U86,OAI22xp5_upper,ks1/U86/Y,1,439.471741
ks1/U87,XOR2xp5_bottom,ks1/U87/Y,1,439.471802
ks1/U88,OAI22xp5_upper,ks1/U88/Y,1,466.333466
ks1/U89,XOR2xp5_upper,ks1/U89/Y,2,439.471802
ks1/U90,OAI22xp5_upper,ks1/U90/Y,1,512.502014
ks1/U91,XOR2xp5_bottom,ks1/U91/Y,2,439.471741
ks1/U92,OAI22xp5_bottom,ks1/U92/Y,1,541.034668
ks1/U93,XOR2xp5_upper,ks1/U93/Y,2,439.471710
ks1/U94,OAI22xp5_bottom,ks1/U94/Y,1,351.784943
ks1/U95,OAI22xp5_upper,ks1/U95/Y,1,428.844727
ks1/U96,XOR2xp5_bottom,ks1/U96/Y,1,428.844727
ks1/U97,OAI22xp5_bottom,ks1/U97/Y,1,454.223053
ks1/U98,XOR2xp5_upper,ks1/U98/Y,2,428.844788
ks1/U99,OAI22xp5_upper,ks1/U99/Y,1,497.966766
ks1/U100,XOR2xp5_upper,ks1/U100/Y,2,428.844788
ks1/U101,OAI22xp5_upper,ks1/U101/Y,1,541.699036
ks1/U102,XOR2xp5_upper,ks1/U102/Y,2,428.844818
ks1/U103,OAI22xp5_upper,ks1/U103/Y,1,326.331360
ks1/U104,OAI22xp5_upper,ks1/U104/Y,1,429.859436
ks1/U105,XOR2xp5_bottom,ks1/U105/Y,1,429.859436
ks1/U106,OAI22xp5_upper,ks1/U106/Y,1,447.789307
ks1/U107,XOR2xp5_upper,ks1/U107/Y,2,429.859436
ks1/U108,OAI22xp5_bottom,ks1/U108/Y,1,505.230255
ks1/U109,XOR2xp5_upper,ks1/U109/Y,2,429.859497
ks1/U110,OAI22xp5_upper,ks1/U110/Y,1,542.606018
ks1/U111,XOR2xp5_upper,ks1/U111/Y,2,429.859497
ks1/U112,OAI22xp5_upper,ks1/U112/Y,1,338.363159
ks1/U113,OAI22xp5_upper,ks1/U113/Y,1,436.008301
ks1/U114,XOR2xp5_bottom,ks1/U114/Y,1,436.008392
ks1/U115,OAI22xp5_upper,ks1/U115/Y,1,459.963837
ks1/U116,XOR2xp5_upper,ks1/U116/Y,2,436.008453
ks1/U117,OAI22xp5_upper,ks1/U117/Y,1,497.870178
ks1/U118,XOR2xp5_upper,ks1/U118/Y,2,436.008392
ks1/U119,OAI22xp5_upper,ks1/U119/Y,1,537.610901
ks1/U120,XOR2xp5_upper,ks1/U120/Y,2,436.008331
ks1/U121,OAI22xp5_upper,ks1/U121/Y,1,321.258453
ks1/U124,OAI22xp5_upper,ks1/U124/Y,1,453.775238
ks1/U125,XOR2xp5_upper,ks1/U125/Y,1,453.775238
ks1/U126,OAI22xp5_upper,ks1/U126/Y,1,484.573730
ks1/U127,XOR2xp5_bottom,ks1/U127/Y,2,453.775238
ks1/U128,OAI22xp5_upper,ks1/U128/Y,1,506.659729
ks1/U129,XOR2xp5_bottom,ks1/U129/Y,2,453.775299
ks1/U130,OAI22xp5_upper,ks1/U130/Y,1,536.044373
ks1/U131,XOR2xp5_upper,ks1/U131/Y,2,453.775299
ks1/U132,OAI22xp5_upper,ks1/U132/Y,1,302.157623
ks1/U133,OAI22xp5_upper,ks1/U133/Y,1,425.066528
ks1/U134,XOR2xp5_upper,ks1/U134/Y,1,425.066528
ks1/U135,OAI22xp5_bottom,ks1/U135/Y,1,463.730713
ks1/U136,XOR2xp5_upper,ks1/U136/Y,2,425.066528
ks1/U137,OAI22xp5_upper,ks1/U137/Y,1,490.593964
ks1/U138,XOR2xp5_upper,ks1/U138/Y,2,425.066589
ks1/U139,OAI22xp5_upper,ks1/U139/Y,1,546.134644
ks1/U140,XOR2xp5_bottom,ks1/U140/Y,2,443.242493
ks1/U141,OAI22xp5_upper,ks1/U141/Y,1,304.666779
ks1/U142,OAI22xp5_upper,ks1/U142/Y,1,459.806702
ks1/U143,XOR2xp5_upper,ks1/U143/Y,1,459.806641
ks1/U144,OAI22xp5_bottom,ks1/U144/Y,1,489.549896
ks1/U145,XOR2xp5_bottom,ks1/U145/Y,2,459.806702
ks1/U146,OAI22xp5_upper,ks1/U146/Y,1,517.139099
ks1/U147,XOR2xp5_upper,ks1/U147/Y,2,459.806580
ks1/U148,OAI22xp5_bottom,ks1/U148/Y,1,562.995422
ks1/U149,XOR2xp5_bottom,ks1/U149/Y,2,459.806549
ks1/U150,OAI22xp5_upper,ks1/U150/Y,1,340.061371
ks1/U151,OAI22xp5_upper,ks1/U151/Y,1,431.843842
ks1/U152,XOR2xp5_upper,ks1/U152/Y,1,431.843903
ks1/U153,OAI22xp5_bottom,ks1/U153/Y,1,473.089691
ks1/U154,XOR2xp5_upper,ks1/U154/Y,2,431.843842
ks1/U155,OAI22xp5_upper,ks1/U155/Y,1,489.951569
ks1/U156,XOR2xp5_upper,ks1/U156/Y,2,431.843842
ks1/U157,OAI22xp5_upper,ks1/U157/Y,1,547.174805
ks1/U158,XOR2xp5_upper,ks1/U158/Y,2,431.843811
ks1/U159,OAI22xp5_bottom,ks1/U159/Y,1,365.191589
ks1/U160,OAI22xp5_upper,ks1/U160/Y,1,507.114197
ks1/U161,XOR2xp5_bottom,ks1/U161/Y,1,507.114197
ks1/U162,OAI22xp5_upper,ks1/U162/Y,1,526.605530
ks1/U163,XOR2xp5_bottom,ks1/U163/Y,2,507.114075
ks1/U164,OAI22xp5_upper,ks1/U164/Y,1,560.050415
ks1/U165,XOR2xp5_upper,ks1/U165/Y,2,507.114136
ks1/U166,OAI22xp5_upper,ks1/U166/Y,1,602.687561
ks1/U167,XOR2xp5_bottom,ks1/U167/Y,2,507.114136
ks1/U168,OAI22xp5_upper,ks1/U168/Y,1,355.021393
ks1/U169,OAI22xp5_bottom,ks1/U169/Y,1,494.069275
ks1/U170,XOR2xp5_upper,ks1/U170/Y,1,494.069244
ks1/U171,OAI22xp5_bottom,ks1/U171/Y,1,524.540466
ks1/U172,XOR2xp5_bottom,ks1/U172/Y,2,494.069244
ks1/U173,OAI22xp5_bottom,ks1/U173/Y,1,566.316528
ks1/U174,XOR2xp5_upper,ks1/U174/Y,2,494.069122
ks1/U175,OAI22xp5_bottom,ks1/U175/Y,1,601.851379
ks1/U176,XOR2xp5_bottom,ks1/U176/Y,2,494.069122
ks1/U177,OAI22xp5_upper,ks1/U177/Y,1,334.228973
ks1/U178,OAI22xp5_bottom,ks1/U178/Y,1,493.166229
ks1/U179,XOR2xp5_upper,ks1/U179/Y,1,493.166229
ks1/U180,OAI22xp5_upper,ks1/U180/Y,1,522.250183
ks1/U181,XOR2xp5_upper,ks1/U181/Y,2,493.166229
ks1/U182,OAI22xp5_upper,ks1/U182/Y,1,563.280334
ks1/U183,XOR2xp5_bottom,ks1/U183/Y,2,493.166168
ks1/U184,OAI22xp5_upper,ks1/U184/Y,1,590.905640
ks1/U185,XOR2xp5_upper,ks1/U185/Y,2,493.166168
ks1/U186,OAI22xp5_bottom,ks1/U186/Y,1,347.975983
ks1/U187,OAI22xp5_upper,ks1/U187/Y,1,454.124237
ks1/U188,XOR2xp5_bottom,ks1/U188/Y,1,454.124237
ks1/U189,OAI22xp5_upper,ks1/U189/Y,1,463.640350
ks1/U190,XOR2xp5_upper,ks1/U190/Y,2,454.124298
ks1/U191,OAI22xp5_upper,ks1/U191/Y,1,519.273743
ks1/U192,XOR2xp5_bottom,ks1/U192/Y,2,454.124420
ks1/U193,OAI22xp5_bottom,ks1/U193/Y,1,552.801147
ks1/U194,XOR2xp5_bottom,ks1/U194/Y,2,454.124420
ks1/U195,OAI22xp5_upper,ks1/U195/Y,1,330.151794
ks1/U199,OAI22xp5_upper,ks1/U199/Y,1,331.119507
ks1/U200,XOR2xp5_bottom,ks1/U200/Y,1,331.119507
ks1/U201,OAI22xp5_upper,ks1/U201/Y,1,348.246552
ks1/U202,XOR2xp5_upper,ks1/U202/Y,2,331.119507
ks1/U203,OAI22xp5_upper,ks1/U203/Y,1,392.268829
ks1/U204,XOR2xp5_upper,ks1/U204/Y,2,331.119507
ks1/U205,OAI22xp5_bottom,ks1/U205/Y,1,445.419098
ks1/U206,XOR2xp5_upper,ks1/U206/Y,2,331.119507
ks1/U207,XOR2xp5_upper,ks1/U207/Y,1,331.119507
ks1/U208,OAI21xp5_upper,ks1/U208/Y,1,420.282410
ks1/U209,OAI22xp5_upper,ks1/U209/Y,1,296.995422
ks1/U210,OAI22xp5_upper,ks1/U210/Y,1,354.346619
ks1/U211,XOR2xp5_upper,ks1/U211/Y,1,354.346558
ks1/U212,OAI22xp5_upper,ks1/U212/Y,1,378.755859
ks1/U213,XOR2xp5_upper,ks1/U213/Y,2,354.346619
ks1/U214,OAI22xp5_bottom,ks1/U214/Y,1,431.858429
ks1/U215,XOR2xp5_upper,ks1/U215/Y,2,354.346680
ks1/U216,OAI22xp5_upper,ks1/U216/Y,1,464.765106
ks1/U217,XOR2xp5_bottom,ks1/U217/Y,2,354.346680
ks1/U218,OA211x2_bottom,ks1/U218/Y,1,414.511810
ks1/U219,XNOR2xp5_upper,ks1/U219/Y,1,354.346680
ks1/U220,OAI22xp5_upper,ks1/U220/Y,1,301.545746
ks1/U221,OAI22xp5_upper,ks1/U221/Y,1,325.896637
ks1/U222,XOR2xp5_bottom,ks1/U222/Y,1,325.896698
ks1/U223,OAI22xp5_upper,ks1/U223/Y,1,349.059448
ks1/U224,XOR2xp5_upper,ks1/U224/Y,2,325.896637
ks1/U225,OAI22xp5_upper,ks1/U225/Y,1,370.598511
ks1/U226,XOR2xp5_upper,ks1/U226/Y,2,325.896576
ks1/U227,OAI22xp5_bottom,ks1/U227/Y,1,438.470154
ks1/U228,XOR2xp5_upper,ks1/U228/Y,2,325.896576
ks1/U229,XOR2xp5_upper,ks1/U229/Y,1,325.896576
ks1/U230,OAI21xp5_upper,ks1/U230/Y,1,417.765106
ks1/U231,OR2x2_upper,ks1/U231/Y,3,469.371643
ks1/U232,OAI22xp5_upper,ks1/U232/Y,1,325.413025
ks1/U233,OAI22xp5_bottom,ks1/U233/Y,1,343.226990
ks1/U234,XOR2xp5_upper,ks1/U234/Y,1,343.227112
ks1/U235,OAI22xp5_upper,ks1/U235/Y,1,366.948700
ks1/U236,XOR2xp5_bottom,ks1/U236/Y,2,343.227051
ks1/U237,OAI22xp5_bottom,ks1/U237/Y,1,400.253113
ks1/U238,XOR2xp5_upper,ks1/U238/Y,2,343.226990
ks1/U239,OAI22xp5_upper,ks1/U239/Y,1,444.354492
ks1/U240,XOR2xp5_upper,ks1/U240/Y,2,343.226990
ks1/U241,XOR2xp5_upper,ks1/U241/Y,1,343.226990
ks1/U242,OAI21xp5_bottom,ks1/U242/Y,1,427.858734
ks1/U243,OAI22xp5_bottom,ks1/U243/Y,1,350.255432
ks1/U244,OAI22xp5_upper,ks1/U244/Y,1,358.974121
ks1/U245,XOR2xp5_bottom,ks1/U245/Y,1,358.974121
ks1/U246,OAI22xp5_upper,ks1/U246/Y,1,380.953003
ks1/U247,XOR2xp5_bottom,ks1/U247/Y,2,358.974030
ks1/U248,OAI22xp5_bottom,ks1/U248/Y,1,411.898010
ks1/U249,XOR2xp5_upper,ks1/U249/Y,2,358.974030
ks1/U250,OAI22xp5_bottom,ks1/U250/Y,1,462.584930
ks1/U251,XOR2xp5_bottom,ks1/U251/Y,2,358.974030
ks1/U252,OA211x2_upper,ks1/U252/Y,1,421.397400
ks1/U253,OR3x1_upper,ks1/U253/Y,4,414.511780
ks1/U254,NAND2xp5_upper,ks1/U254/Y,3,414.511749
ks1/U255,XNOR2xp5_bottom,ks1/U255/Y,1,358.974030
ks1/U256,OAI22xp5_bottom,ks1/U256/Y,1,350.013245
ks1/U257,OAI22xp5_upper,ks1/U257/Y,1,335.893494
ks1/U258,XOR2xp5_bottom,ks1/U258/Y,1,335.893433
ks1/U259,OAI22xp5_bottom,ks1/U259/Y,1,362.017365
ks1/U260,XOR2xp5_upper,ks1/U260/Y,2,335.893433
ks1/U261,OAI22xp5_bottom,ks1/U261/Y,1,416.041473
ks1/U262,XOR2xp5_upper,ks1/U262/Y,2,335.893433
ks1/U263,OAI22xp5_bottom,ks1/U263/Y,1,454.242493
ks1/U264,XOR2xp5_bottom,ks1/U264/Y,2,335.893433
ks1/U265,XOR2xp5_upper,ks1/U265/Y,1,335.893433
ks1/U266,OAI21xp5_upper,ks1/U266/Y,1,423.353149
ks1/U267,OR3x1_upper,ks1/U267/Y,4,417.765076
ks1/U268,NAND2xp5_upper,ks1/U268/Y,3,417.765045
ks1/U269,OAI22xp5_bottom,ks1/U269/Y,1,329.074036
ks1/U270,OAI22xp5_upper,ks1/U270/Y,1,367.708588
ks1/U271,XOR2xp5_upper,ks1/U271/Y,1,367.708588
ks1/U272,OAI22xp5_bottom,ks1/U272/Y,1,399.477112
ks1/U273,XOR2xp5_bottom,ks1/U273/Y,2,367.708527
ks1/U274,OAI22xp5_upper,ks1/U274/Y,1,407.345337
ks1/U275,XOR2xp5_bottom,ks1/U275/Y,2,367.708527
ks1/U276,OAI22xp5_upper,ks1/U276/Y,1,455.458069
ks1/U277,XNOR2xp5_upper,ks1/U277/Y,2,367.708527
ks1/U278,XOR2xp5_bottom,ks1/U278/Y,1,367.708527
ks1/U279,OR2x2_upper,ks1/U279/Y,1,459.130859
ks1/U280,NAND2xp5_upper,ks1/U280/Y,2,453.994232
ks1/U281,NAND2xp5_upper,ks1/U281/Y,4,452.998932
ks1/U282,OAI22xp5_upper,ks1/U282/Y,1,327.369690
ks1/U283,OAI22xp5_upper,ks1/U283/Y,1,359.237030
ks1/U284,XOR2xp5_bottom,ks1/U284/Y,1,359.237030
ks1/U285,OAI22xp5_bottom,ks1/U285/Y,1,383.629791
ks1/U286,XOR2xp5_bottom,ks1/U286/Y,2,359.236908
ks1/U287,OAI22xp5_upper,ks1/U287/Y,1,406.154327
ks1/U288,XOR2xp5_bottom,ks1/U288/Y,2,359.236877
ks1/U289,OAI22xp5_bottom,ks1/U289/Y,1,441.718658
ks1/U290,XNOR2xp5_upper,ks1/U290/Y,2,359.236877
ks1/U291,XOR2xp5_upper,ks1/U291/Y,1,359.236877
ks1/U292,OR3x1_upper,ks1/U292/Y,1,480.208313
ks1/U293,NAND2xp5_bottom,ks1/U293/Y,2,467.589844
ks1/U297,OAI22xp5_bottom,ks1/U297/Y,1,324.060211
ks1/U301,OAI22xp5_upper,ks1/U301/Y,1,156.304962
ks1/U302,XOR2xp5_bottom,ks1/U302/Y,1,156.304916
ks1/U303,XOR2xp5_bottom,ks1/U303/Y,1,156.304916
ks1/U304,XOR2xp5_upper,ks1/U304/Y,2,156.304962
ks1/U305,XOR2xp5_bottom,ks1/U305/Y,2,156.304962
ks1/U306,OAI22xp5_bottom,ks1/U306/Y,1,150.709717
ks1/U307,XOR2xp5_upper,ks1/U307/Y,1,150.709778
ks1/U308,XOR2xp5_upper,ks1/U308/Y,2,150.709778
ks1/U309,XOR2xp5_bottom,ks1/U309/Y,2,150.709717
ks1/U310,XOR2xp5_upper,ks1/U310/Y,2,150.709717
ks1/U311,OAI22xp5_bottom,ks1/U311/Y,1,170.392365
ks1/U312,XOR2xp5_upper,ks1/U312/Y,1,170.392471
ks1/U313,XOR2xp5_upper,ks1/U313/Y,2,170.392532
ks1/U314,XOR2xp5_upper,ks1/U314/Y,2,170.392639
ks1/U315,XOR2xp5_upper,ks1/U315/Y,2,170.392639
ks1/U316,OAI22xp5_bottom,ks1/U316/Y,1,199.620377
ks1/U317,XOR2xp5_bottom,ks1/U317/Y,1,199.620438
ks1/U318,XOR2xp5_upper,ks1/U318/Y,1,199.620438
ks1/U319,XOR2xp5_upper,ks1/U319/Y,2,199.620438
ks1/U320,XOR2xp5_upper,ks1/U320/Y,2,199.620438
ks1/U321,OAI22xp5_bottom,ks1/U321/Y,1,211.292206
ks1/U322,XOR2xp5_bottom,ks1/U322/Y,1,211.292267
ks1/U323,XOR2xp5_upper,ks1/U323/Y,2,211.292267
ks1/U324,XOR2xp5_bottom,ks1/U324/Y,2,211.292267
ks1/U325,XOR2xp5_upper,ks1/U325/Y,2,211.292267
ks1/U326,OAI22xp5_upper,ks1/U326/Y,1,194.888657
ks1/U327,XOR2xp5_bottom,ks1/U327/Y,1,194.888657
ks1/U328,XOR2xp5_upper,ks1/U328/Y,2,194.888657
ks1/U329,XOR2xp5_upper,ks1/U329/Y,2,194.888718
ks1/U330,XOR2xp5_bottom,ks1/U330/Y,2,194.888718
ks1/U331,OAI22xp5_upper,ks1/U331/Y,1,189.070145
ks1/U332,XOR2xp5_upper,ks1/U332/Y,1,189.070145
ks1/U333,XOR2xp5_upper,ks1/U333/Y,2,189.070206
ks1/U334,XOR2xp5_bottom,ks1/U334/Y,2,189.070145
ks1/U335,XOR2xp5_upper,ks1/U335/Y,2,189.070145
ks1/U336,OAI22xp5_bottom,ks1/U336/Y,1,186.868576
ks1/U337,XOR2xp5_upper,ks1/U337/Y,1,186.868576
ks1/U338,XOR2xp5_upper,ks1/U338/Y,2,186.868576
ks1/U339,XOR2xp5_upper,ks1/U339/Y,2,186.868637
ks1/U340,XOR2xp5_bottom,ks1/U340/Y,2,186.868637
ks1/U19,NOR3xp33_bottom,ks1/U19/Y,1,240.167389
ks1/U502,INVx1_upper,ks1/U502/Y,9,240.167419
ks1/U503,INVx1_upper,ks1/U503/Y,9,194.810776
ks1/U504,INVx1_bottom,ks1/U504/Y,10,229.649872
ks1/U519,NOR3xp33_bottom,ks1/U519/Y,1,194.810760
ks1/U520,NOR3xp33_upper,ks1/U520/Y,1,229.649872
ks1/U521,NOR3xp33_bottom,ks1/U521/Y,4,290.056305
ks1/U522,OR3x4_upper,ks1/U522/Y,34,585.134094
ks1/U529,INVx1_bottom,ks1/U529/Y,3,239.625824
ks1/U530,INVx1_upper,ks1/U530/Y,1,833.705872
ks1/U531,INVx1_upper,ks1/U531/Y,8,144.689590
ks1/U532,INVx1_upper,ks1/U532/Y,3,194.810760
ks1/U533,INVx1_upper,ks1/U533/Y,4,440.831848
ks1/U534,INVx1_upper,ks1/U534/Y,2,430.149017
ks1/U535,INVx1_upper,ks1/U535/Y,2,414.511749
U2072,INVx3_bottom,U2072/Y,40,39.370842
U2073,INVx4_bottom,U2073/Y,38,39.370846
U2243,NAND4xp25_bottom,U2243/Y,1,17.118002
U2245,NOR3xp33_bottom,U2245/Y,1,25.814184
U2247,AND2x2_bottom,U2247/Y,3,-54.296944
U2252,AOI31xp33_bottom,U2252/Y,2,719.951660
U2253,O2A1O1Ixp33_bottom,U2253/Y,1,698.719055
U2254,AND2x2_bottom,U2254/Y,6,36.035923
U2255,NAND4xp25_bottom,U2255/Y,2,-54.296944
U2256,NOR3xp33_bottom,U2256/Y,1,176.717484
U2257,NAND2x1_bottom,U2257/Y,9,17.118002
U2258,NAND4xp25_bottom,U2258/Y,1,60.902534
U2259,O2A1O1Ixp33_bottom,U2259/Y,2,195.358200
U2260,O2A1O1Ixp33_bottom,U2260/Y,2,200.711227
U2261,NOR3xp33_bottom,U2261/Y,1,827.319092
U2262,O2A1O1Ixp33_bottom,U2262/Y,1,715.332092
U2263,NOR3xp33_bottom,U2263/Y,2,814.068542
U2264,NOR2x2_upper,U2264/Y,17,151.038925
U2265,INVx1_upper,U2265/Y,8,103.411003
U2266,INVx1_bottom,U2266/Y,3,600.232849
U2267,INVx1_bottom,U2267/Y,3,719.951599
U2268,INVx1_bottom,U2268/Y,5,17.118002
U2269,INVx1_bottom,U2269/Y,3,25.814184
U2270,INVx1_bottom,U2270/Y,1,723.363159
U2271,INVx1_upper,U2271/Y,1,717.687256
U2272,INVx1_bottom,U2272/Y,1,721.123596
U2273,INVx1_upper,U2273/Y,1,721.621216
U2274,INVx1_bottom,U2274/Y,1,709.429871
U2275,INVx1_bottom,U2275/Y,1,693.481201
U2276,INVx1_bottom,U2276/Y,1,710.952087
U2277,INVx1_upper,U2277/Y,1,716.594055
U2278,INVx1_bottom,U2278/Y,1,758.599548
U2279,INVx1_upper,U2279/Y,1,748.418274
U2280,INVx1_upper,U2280/Y,1,753.319153
U2281,INVx1_upper,U2281/Y,1,764.082275
U2282,INVx1_bottom,U2282/Y,1,752.378357
U2283,INVx1_upper,U2283/Y,1,750.635559
U2284,INVx1_bottom,U2284/Y,1,759.898560
U2285,INVx1_upper,U2285/Y,1,753.052185
U2286,INVx1_upper,U2286/Y,1,798.071045
U2287,INVx1_bottom,U2287/Y,1,791.745789
U2288,INVx1_upper,U2288/Y,1,796.330322
U2289,INVx1_upper,U2289/Y,1,803.824890
U2290,INVx1_bottom,U2290/Y,1,790.413086
U2291,INVx1_upper,U2291/Y,1,779.648621
U2292,INVx1_upper,U2292/Y,1,790.674744
U2293,INVx1_upper,U2293/Y,1,790.066528
U2294,INVx1_upper,U2294/Y,1,362.936005
U2295,INVx1_upper,U2295/Y,1,367.969940
U2296,INVx1_bottom,U2296/Y,1,423.669708
U2297,INVx1_upper,U2297/Y,1,394.277527
U2298,INVx1_bottom,U2298/Y,1,365.043945
U2299,INVx1_bottom,U2299/Y,1,370.965942
U2300,INVx1_upper,U2300/Y,1,376.727661
U2301,INVx1_upper,U2301/Y,1,441.532593
U2302,INVx1_upper,U2302/Y,1,704.083008
U2303,INVx1_bottom,U2303/Y,1,767.240662
U2304,INVx1_bottom,U2304/Y,1,806.233398
U2305,INVx1_bottom,U2305/Y,1,392.855621
U2306,INVx1_bottom,U2306/Y,1,707.223267
U2307,INVx1_upper,U2307/Y,1,756.866211
U2308,INVx1_upper,U2308/Y,1,793.138428
U2309,INVx1_bottom,U2309/Y,1,392.408783
U2310,INVx1_bottom,U2310/Y,1,672.794800
U2311,INVx1_bottom,U2311/Y,1,743.269653
U2312,INVx1_upper,U2312/Y,1,787.216492
U2313,INVx1_bottom,U2313/Y,1,451.299530
U2314,INVx1_upper,U2314/Y,1,705.397766
U2315,INVx1_upper,U2315/Y,1,755.436829
U2316,INVx1_bottom,U2316/Y,1,808.416931
U2317,INVx1_bottom,U2317/Y,1,416.555023
U2318,INVx1_bottom,U2318/Y,1,681.294739
U2319,INVx1_upper,U2319/Y,1,732.256226
U2320,INVx1_upper,U2320/Y,1,797.414978
U2321,INVx1_upper,U2321/Y,1,360.546051
U2322,INVx1_upper,U2322/Y,1,669.542114
U2323,INVx1_upper,U2323/Y,1,741.574280
U2324,INVx1_upper,U2324/Y,1,798.072571
U2325,INVx1_bottom,U2325/Y,1,375.455109
U2326,INVx1_bottom,U2326/Y,1,695.053894
U2327,INVx1_upper,U2327/Y,1,732.063538
U2328,INVx1_bottom,U2328/Y,1,792.205078
U2329,INVx1_bottom,U2329/Y,1,398.893097
U2330,INVx1_upper,U2330/Y,1,676.249573
U2331,INVx1_bottom,U2331/Y,1,730.130737
U2332,INVx1_bottom,U2332/Y,1,795.038269
U2333,INVx1_bottom,U2333/Y,1,446.299957
U2334,INVx1_upper,U2334/Y,1,719.899170
U2335,INVx1_upper,U2335/Y,1,755.458313
U2336,INVx1_upper,U2336/Y,1,796.029358
U2337,INVx1_bottom,U2337/Y,1,392.589783
U2338,INVx1_upper,U2338/Y,1,713.652344
U2339,INVx1_upper,U2339/Y,1,750.943298
U2340,INVx1_bottom,U2340/Y,1,792.019104
U2341,INVx1_bottom,U2341/Y,1,388.087799
U2342,INVx1_upper,U2342/Y,1,720.214172
U2343,INVx1_upper,U2343/Y,1,750.529846
U2344,INVx1_bottom,U2344/Y,1,798.538452
U2345,INVx1_upper,U2345/Y,1,440.496246
U2346,INVx1_bottom,U2346/Y,1,730.637634
U2347,INVx1_bottom,U2347/Y,1,752.546326
U2348,INVx1_bottom,U2348/Y,1,801.264038
U2349,INVx1_upper,U2349/Y,1,409.431671
U2350,INVx1_upper,U2350/Y,1,698.201050
U2351,INVx1_upper,U2351/Y,1,736.851685
U2352,INVx1_bottom,U2352/Y,1,786.241943
U2353,INVx1_upper,U2353/Y,1,380.981567
U2354,INVx1_bottom,U2354/Y,1,721.532043
U2355,INVx1_upper,U2355/Y,1,753.940613
U2356,INVx1_upper,U2356/Y,1,800.947205
U2357,INVx1_bottom,U2357/Y,1,387.086212
U2358,INVx1_bottom,U2358/Y,1,720.973511
U2359,INVx1_upper,U2359/Y,1,752.347412
U2360,INVx1_bottom,U2360/Y,1,793.099182
U2361,INVx1_upper,U2361/Y,1,413.011505
U2362,INVx1_bottom,U2362/Y,1,734.063843
U2363,INVx1_upper,U2363/Y,1,767.791565
U2364,INVx1_bottom,U2364/Y,1,803.261353
U2365,INVx1_upper,U2365/Y,1,466.683807
U2366,INVx1_bottom,U2366/Y,1,715.543396
U2367,INVx1_upper,U2367/Y,1,750.317810
U2368,INVx1_upper,U2368/Y,1,800.761292
U2369,INVx1_bottom,U2369/Y,1,367.154358
U2370,INVx1_bottom,U2370/Y,1,705.346680
U2371,INVx1_bottom,U2371/Y,1,739.231445
U2372,INVx1_bottom,U2372/Y,1,791.722839
U2373,INVx1_bottom,U2373/Y,1,375.401886
U2374,INVx1_bottom,U2374/Y,1,704.802673
U2375,INVx1_upper,U2375/Y,1,745.439941
U2376,INVx1_bottom,U2376/Y,1,788.338379
U2377,INVx1_bottom,U2377/Y,1,429.948303
U2378,INVx1_bottom,U2378/Y,1,716.928040
U2379,INVx1_upper,U2379/Y,1,758.939026
U2380,INVx1_upper,U2380/Y,1,790.852600
U2381,INVx1_upper,U2381/Y,1,403.138641
U2382,INVx1_upper,U2382/Y,1,721.640015
U2383,INVx1_bottom,U2383/Y,1,755.692261
U2384,INVx1_upper,U2384/Y,1,795.261047
U2385,INVx1_bottom,U2385/Y,1,370.579803
U2386,INVx1_upper,U2386/Y,1,726.659180
U2387,INVx1_upper,U2387/Y,1,759.542114
U2388,INVx1_upper,U2388/Y,1,804.202454
U2389,INVx1_upper,U2389/Y,1,371.173523
U2390,INVx1_bottom,U2390/Y,1,721.343994
U2391,INVx1_upper,U2391/Y,1,762.543701
U2392,INVx1_upper,U2392/Y,1,800.634949
U2393,INVx1_bottom,U2393/Y,1,392.731842
U2394,INVx1_bottom,U2394/Y,1,731.633240
U2395,INVx1_bottom,U2395/Y,1,775.418396
U2396,INVx1_bottom,U2396/Y,1,799.816223
U2397,INVx1_bottom,U2397/Y,1,456.525269
U2398,INVx1_bottom,U2398/Y,1,816.639648
U2399,INVx1_bottom,U2399/Y,3,510.664062
U2400,INVx1_upper,U2400/Y,1,405.766876
U2401,INVx1_bottom,U2401/Y,1,398.117981
U2402,INVx1_bottom,U2402/Y,1,415.207794
U2403,INVx1_bottom,U2403/Y,1,406.374939
U2404,INVx1_upper,U2404/Y,1,357.477661
U2405,INVx1_bottom,U2405/Y,1,344.882446
U2406,INVx1_upper,U2406/Y,1,358.526215
U2407,INVx1_upper,U2407/Y,1,360.405518
U2408,INVx1_upper,U2408/Y,1,318.252594
U2409,INVx1_upper,U2409/Y,1,311.259216
U2410,INVx1_upper,U2410/Y,1,318.972351
U2411,INVx1_upper,U2411/Y,1,312.432587
U2412,INVx1_bottom,U2412/Y,1,313.823090
U2413,INVx1_upper,U2413/Y,1,313.966919
U2414,INVx1_bottom,U2414/Y,1,321.361267
U2415,INVx1_upper,U2415/Y,1,309.262726
U2416,INVx1_bottom,U2416/Y,1,361.442444
U2417,INVx1_bottom,U2417/Y,1,354.435699
U2418,INVx1_upper,U2418/Y,1,355.237549
U2419,INVx1_bottom,U2419/Y,1,354.257019
U2420,INVx1_bottom,U2420/Y,1,393.507324
U2421,INVx1_upper,U2421/Y,1,392.676178
U2422,INVx1_upper,U2422/Y,1,388.130341
U2423,INVx1_bottom,U2423/Y,1,397.331390
U2424,INVx1_bottom,U2424/Y,1,328.765228
U2425,INVx1_bottom,U2425/Y,1,330.730347
U2426,INVx1_bottom,U2426/Y,1,331.091675
U2427,INVx1_bottom,U2427/Y,1,326.237488
U2428,INVx1_bottom,U2428/Y,1,355.779449
U2429,INVx1_bottom,U2429/Y,1,340.119965
U2430,INVx1_upper,U2430/Y,1,341.770050
U2431,INVx1_bottom,U2431/Y,1,349.918610
U2432,INVx1_upper,U2432/Y,1,404.926544
U2433,INVx1_bottom,U2433/Y,1,402.132721
U2434,INVx1_upper,U2434/Y,1,396.115204
U2435,INVx1_upper,U2435/Y,1,410.600159
U2436,INVx3_upper,U2436/Y,1,351.341461
U2437,INVx1_upper,U2437/Y,1,340.004425
U2438,INVx1_bottom,U2438/Y,1,348.982605
U2439,INVx1_upper,U2439/Y,1,352.122467
U2440,INVx1_bottom,U2440/Y,1,335.058105
U2441,INVx1_bottom,U2441/Y,1,324.482941
U2442,INVx1_bottom,U2442/Y,1,321.643982
U2443,INVx1_upper,U2443/Y,1,333.782928
U2444,INVx1_bottom,U2444/Y,1,328.270142
U2445,INVx1_bottom,U2445/Y,1,322.937897
U2446,INVx1_upper,U2446/Y,1,317.314301
U2447,INVx1_upper,U2447/Y,1,322.724243
U2448,INVx1_bottom,U2448/Y,1,364.965668
U2449,INVx1_upper,U2449/Y,1,361.744812
U2450,INVx1_upper,U2450/Y,1,367.228424
U2451,INVx1_upper,U2451/Y,1,373.465546
U2452,INVx1_bottom,U2452/Y,1,407.685638
U2453,INVx1_bottom,U2453/Y,1,407.943237
U2454,INVx1_bottom,U2454/Y,1,405.237518
U2455,INVx1_upper,U2455/Y,1,413.691376
U2456,INVx1_upper,U2456/Y,1,338.441376
U2457,INVx1_upper,U2457/Y,1,346.765686
U2458,INVx1_bottom,U2458/Y,1,349.770782
U2459,INVx1_bottom,U2459/Y,1,352.479645
U2460,INVx1_upper,U2460/Y,1,351.307587
U2461,INVx1_bottom,U2461/Y,1,349.661407
U2462,INVx1_bottom,U2462/Y,1,339.714539
U2463,INVx1_upper,U2463/Y,1,339.419983
U2464,INVx1_bottom,U2464/Y,1,405.393677
U2465,INVx1_bottom,U2465/Y,1,397.414062
U2466,INVx1_upper,U2466/Y,1,398.947327
U2467,INVx1_upper,U2467/Y,1,394.113403
U2468,INVx1_upper,U2468/Y,1,342.425140
U2469,INVx1_bottom,U2469/Y,1,347.874634
U2470,INVx1_bottom,U2470/Y,1,349.607178
U2471,INVx1_upper,U2471/Y,1,345.941833
U2472,INVx1_bottom,U2472/Y,1,313.286346
U2473,INVx1_bottom,U2473/Y,1,308.606476
U2474,INVx1_upper,U2474/Y,1,312.802185
U2475,INVx1_bottom,U2475/Y,1,314.687469
U2476,INVx1_upper,U2476/Y,1,308.748535
U2477,INVx1_upper,U2477/Y,1,298.754303
U2478,INVx1_upper,U2478/Y,1,308.175720
U2479,INVx1_upper,U2479/Y,1,295.532776
U2480,INVx1_upper,U2480/Y,1,345.358063
U2481,INVx1_bottom,U2481/Y,1,346.021210
U2482,INVx1_bottom,U2482/Y,1,361.675690
U2483,INVx1_bottom,U2483/Y,1,359.880188
U2484,INVx1_bottom,U2484/Y,1,392.311188
U2485,INVx1_bottom,U2485/Y,1,383.668671
U2486,INVx1_upper,U2486/Y,1,383.120941
U2487,INVx1_bottom,U2487/Y,1,392.552826
U2488,INVx1_bottom,U2488/Y,1,326.725769
U2489,INVx1_bottom,U2489/Y,1,324.490814
U2490,INVx1_upper,U2490/Y,1,321.915955
U2491,INVx1_bottom,U2491/Y,1,330.102448
U2492,INVx1_bottom,U2492/Y,1,344.044250
U2493,INVx1_upper,U2493/Y,1,324.597534
U2494,INVx1_upper,U2494/Y,1,335.498199
U2495,INVx1_upper,U2495/Y,1,336.703217
U2496,INVx1_bottom,U2496/Y,1,409.113831
U2497,INVx1_upper,U2497/Y,1,377.344208
U2498,INVx1_upper,U2498/Y,1,386.576324
U2499,INVx1_bottom,U2499/Y,1,416.054291
U2500,INVx1_bottom,U2500/Y,1,362.518280
U2501,INVx1_bottom,U2501/Y,1,331.244720
U2502,INVx1_bottom,U2502/Y,1,339.067780
U2503,INVx1_bottom,U2503/Y,1,363.102539
U2504,INVx1_bottom,U2504/Y,1,335.082397
U2505,INVx1_upper,U2505/Y,1,290.225891
U2506,INVx1_upper,U2506/Y,1,306.678345
U2507,INVx1_upper,U2507/Y,1,331.255859
U2508,INVx1_upper,U2508/Y,1,330.563629
U2509,INVx1_bottom,U2509/Y,1,309.691315
U2510,INVx1_upper,U2510/Y,1,312.355652
U2511,INVx1_upper,U2511/Y,1,313.241943
U2512,INVx1_bottom,U2512/Y,1,363.132538
U2513,INVx1_bottom,U2513/Y,1,359.108215
U2514,INVx1_upper,U2514/Y,1,351.592926
U2515,INVx1_bottom,U2515/Y,1,358.043091
U2516,INVx1_bottom,U2516/Y,1,395.124115
U2517,INVx1_bottom,U2517/Y,1,390.045441
U2518,INVx1_upper,U2518/Y,1,387.117401
U2519,INVx1_bottom,U2519/Y,1,410.580994
U2520,INVx1_bottom,U2520/Y,1,321.233551
U2521,INVx1_bottom,U2521/Y,1,332.896393
U2522,INVx1_upper,U2522/Y,1,328.838654
U2523,INVx1_upper,U2523/Y,1,329.210052
U2524,INVx1_bottom,U2524/Y,1,311.989044
U2525,INVx1_upper,U2525/Y,1,323.572327
U2526,INVx1_bottom,U2526/Y,1,331.896515
U2527,INVx1_upper,U2527/Y,1,308.400482
U2528,INVx1_bottom,U2528/Y,1,320.991364
U2529,INVx1_bottom,U2529/Y,2,385.110168
U2530,INVx1_bottom,U2530/Y,3,526.676941
U2531,INVx1_upper,U2531/Y,2,553.742615
U2532,INVx1_bottom,U2532/Y,2,573.270386
U2533,INVx1_bottom,U2533/Y,2,533.428955
U2534,INVx1_bottom,U2534/Y,2,566.152466
U2535,INVx1_bottom,U2535/Y,2,564.796082
U2536,INVx1_upper,U2536/Y,2,596.719543
U2537,INVx1_bottom,U2537/Y,2,639.864807
U2538,INVx1_upper,U2538/Y,2,628.599487
U2539,INVx1_bottom,U2539/Y,2,554.837524
U2540,INVx1_upper,U2540/Y,2,572.727417
U2541,INVx1_upper,U2541/Y,2,526.466858
U2542,INVx1_upper,U2542/Y,2,562.150085
U2543,INVx1_upper,U2543/Y,2,559.435364
U2544,INVx1_upper,U2544/Y,2,592.098389
U2545,INVx1_bottom,U2545/Y,2,641.471008
U2546,INVx1_upper,U2546/Y,2,625.239685
U2547,INVx1_upper,U2547/Y,2,543.608826
U2548,INVx1_upper,U2548/Y,2,553.312195
U2549,INVx1_bottom,U2549/Y,2,515.157837
U2550,INVx1_bottom,U2550/Y,2,546.151855
U2551,INVx1_upper,U2551/Y,2,544.552429
U2552,INVx1_upper,U2552/Y,2,580.594604
U2553,INVx1_bottom,U2553/Y,2,620.079163
U2554,INVx1_bottom,U2554/Y,2,618.657043
U2595,INVx1_bottom,U2595/Y,2,535.175659
U2596,INVx1_bottom,U2596/Y,2,550.365540
U2597,INVx1_bottom,U2597/Y,2,509.552612
U2598,INVx1_bottom,U2598/Y,2,540.632629
U2599,INVx1_upper,U2599/Y,2,534.370300
U2600,INVx1_bottom,U2600/Y,2,579.009827
U2601,INVx1_bottom,U2601/Y,2,617.682068
U2602,INVx1_bottom,U2602/Y,2,605.532654
U2651,INVx1_bottom,U2651/Y,2,554.106140
U2652,INVx1_bottom,U2652/Y,2,547.868713
U2653,INVx1_bottom,U2653/Y,2,548.574402
U2654,INVx1_bottom,U2654/Y,2,553.097778
U2655,INVx1_bottom,U2655/Y,2,545.591675
U2656,INVx1_upper,U2656/Y,2,552.120483
U2657,INVx1_upper,U2657/Y,2,602.252014
U2658,INVx1_upper,U2658/Y,2,600.727722
U2659,INVx1_bottom,U2659/Y,2,814.068481
U2660,INVx1_bottom,U2660/Y,4,700.807983
U2661,INVx1_upper,U2661/Y,1,807.288757
U2662,INVx1_bottom,U2662/Y,1,837.235901
U2663,INVx1_bottom,U2663/Y,1,805.032837
U2664,INVx1_upper,U2664/Y,1,830.619324
U2665,INVx1_bottom,U2665/Y,1,812.844971
U2666,INVx1_upper,U2666/Y,1,797.985718
U2667,INVx1_bottom,U2667/Y,1,823.269348
U2668,INVx1_upper,U2668/Y,1,801.662720
U2669,INVx1_upper,U2669/Y,1,822.099792
U2670,INVx1_upper,U2670/Y,1,822.281250
U2671,INVx1_upper,U2671/Y,1,802.481506
U2672,INVx1_bottom,U2672/Y,1,841.165283
U2673,INVx1_upper,U2673/Y,1,801.489868
U2674,INVx1_bottom,U2674/Y,1,839.319275
U2675,INVx1_bottom,U2675/Y,1,836.498169
U2676,INVx1_bottom,U2676/Y,1,843.332520
U2677,INVx1_bottom,U2677/Y,1,821.731689
U2678,INVx1_upper,U2678/Y,1,818.719238
U2679,INVx1_bottom,U2679/Y,1,830.095154
U2680,INVx1_upper,U2680/Y,1,820.244019
U2681,INVx1_bottom,U2681/Y,1,837.321472
U2682,INVx1_bottom,U2682/Y,1,823.658081
U2683,INVx1_bottom,U2683/Y,1,823.500854
U2684,INVx1_upper,U2684/Y,1,843.086853
U2685,INVx1_bottom,U2685/Y,1,829.282288
U2686,INVx1_bottom,U2686/Y,1,814.964661
U2687,INVx1_bottom,U2687/Y,1,815.802551
U2688,INVx1_bottom,U2688/Y,1,826.338562
U2689,INVx1_bottom,U2689/Y,1,840.047119
U2690,INVx1_upper,U2690/Y,1,821.782349
U2691,INVx1_bottom,U2691/Y,1,840.716675
U2692,INVx1_bottom,U2692/Y,1,845.680481
U2693,INVx1_bottom,U2693/Y,1,897.309204
U2694,INVx1_upper,U2694/Y,1,883.217896
U2695,INVx1_bottom,U2695/Y,1,853.754028
U2696,INVx1_upper,U2696/Y,1,869.197937
U2697,INVx1_upper,U2697/Y,1,865.587463
U2698,INVx1_upper,U2698/Y,1,874.104919
U2699,INVx1_upper,U2699/Y,1,859.703186
U2700,INVx1_bottom,U2700/Y,1,866.953674
U2701,INVx1_upper,U2701/Y,1,852.954407
U2702,INVx1_upper,U2702/Y,1,848.408264
U2703,INVx1_upper,U2703/Y,1,843.720947
U2704,INVx1_upper,U2704/Y,1,865.287781
U2705,INVx1_upper,U2705/Y,1,863.641724
U2706,INVx1_upper,U2706/Y,1,854.784363
U2707,INVx1_upper,U2707/Y,1,862.374329
U2708,INVx1_upper,U2708/Y,1,864.184143
U2709,INVx1_bottom,U2709/Y,1,866.979065
U2710,INVx1_upper,U2710/Y,1,870.731079
U2711,INVx1_upper,U2711/Y,1,859.509216
U2712,INVx1_upper,U2712/Y,1,876.387451
U2713,INVx1_bottom,U2713/Y,1,870.149719
U2714,INVx1_upper,U2714/Y,1,857.857239
U2715,INVx1_bottom,U2715/Y,1,873.353638
U2716,INVx1_upper,U2716/Y,1,863.812866
U2717,INVx1_upper,U2717/Y,1,848.523682
U2718,INVx1_bottom,U2718/Y,1,856.366272
U2719,INVx1_upper,U2719/Y,1,845.625549
U2720,INVx1_upper,U2720/Y,1,851.482361
U2721,INVx1_bottom,U2721/Y,1,851.924622
U2722,INVx1_upper,U2722/Y,1,855.096619
U2723,INVx1_upper,U2723/Y,1,867.448059
U2724,INVx1_bottom,U2724/Y,1,890.683899
U2725,INVx1_bottom,U2725/Y,1,920.481567
U2726,INVx1_upper,U2726/Y,1,905.060486
U2727,INVx1_upper,U2727/Y,1,899.844666
U2728,INVx1_bottom,U2728/Y,1,924.358521
U2729,INVx1_upper,U2729/Y,1,909.961304
U2730,INVx1_upper,U2730/Y,1,904.273743
U2731,INVx1_bottom,U2731/Y,1,910.918823
U2732,INVx1_bottom,U2732/Y,1,913.921326
U2733,INVx1_upper,U2733/Y,1,915.435669
U2734,INVx1_bottom,U2734/Y,1,891.663574
U2735,INVx1_bottom,U2735/Y,1,905.103821
U2736,INVx1_bottom,U2736/Y,1,901.268677
U2737,INVx1_bottom,U2737/Y,1,878.866516
U2738,INVx1_upper,U2738/Y,1,897.123535
U2739,INVx1_bottom,U2739/Y,1,905.860718
U2740,INVx1_bottom,U2740/Y,1,913.323242
U2741,INVx1_upper,U2741/Y,1,890.888672
U2742,INVx1_bottom,U2742/Y,1,887.275635
U2743,INVx1_upper,U2743/Y,1,890.125122
U2744,INVx1_upper,U2744/Y,1,885.373840
U2745,INVx1_bottom,U2745/Y,1,924.173767
U2746,INVx1_upper,U2746/Y,1,910.661011
U2747,INVx1_upper,U2747/Y,1,919.183105
U2748,INVx1_upper,U2748/Y,1,920.222168
U2749,INVx1_upper,U2749/Y,1,906.406677
U2750,INVx1_bottom,U2750/Y,1,904.866333
U2751,INVx1_bottom,U2751/Y,1,899.647644
U2752,INVx1_upper,U2752/Y,1,873.504883
U2753,INVx1_upper,U2753/Y,1,902.766968
U2754,INVx1_upper,U2754/Y,1,894.078674
U2755,INVx1_upper,U2755/Y,1,884.761963
U2756,INVx1_upper,U2756/Y,1,913.044067
U2757,INVx1_bottom,U2757/Y,1,515.736023
U2758,INVx1_bottom,U2758/Y,1,494.343781
U2759,INVx1_bottom,U2759/Y,1,559.563110
U2760,INVx1_bottom,U2760/Y,1,530.983643
U2761,INVx1_upper,U2761/Y,1,471.643616
U2762,INVx1_bottom,U2762/Y,1,508.075531
U2763,INVx1_bottom,U2763/Y,1,532.836304
U2764,INVx1_bottom,U2764/Y,1,562.425781
U2765,INVx1_bottom,U2765/Y,1,472.338501
U2766,INVx1_bottom,U2766/Y,1,482.301575
U2767,INVx1_upper,U2767/Y,1,527.597534
U2768,INVx1_upper,U2768/Y,1,508.403656
U2769,INVx1_upper,U2769/Y,1,502.984497
U2770,INVx1_bottom,U2770/Y,1,493.645569
U2771,INVx1_upper,U2771/Y,1,513.854431
U2772,INVx1_upper,U2772/Y,1,576.483337
U2773,INVx1_upper,U2773/Y,1,468.944000
U2774,INVx1_upper,U2774/Y,1,449.688202
U2775,INVx1_bottom,U2775/Y,1,521.980713
U2776,INVx1_upper,U2776/Y,1,487.635498
U2777,INVx1_bottom,U2777/Y,1,464.455627
U2778,INVx1_bottom,U2778/Y,1,484.198303
U2779,INVx1_upper,U2779/Y,1,482.695892
U2780,INVx1_upper,U2780/Y,1,525.579773
U2781,INVx1_bottom,U2781/Y,1,474.804321
U2782,INVx1_bottom,U2782/Y,1,475.465668
U2783,INVx1_bottom,U2783/Y,1,516.420288
U2784,INVx1_upper,U2784/Y,1,474.238037
U2785,INVx1_bottom,U2785/Y,1,464.001404
U2786,INVx1_upper,U2786/Y,1,480.628326
U2787,INVx1_bottom,U2787/Y,1,497.719025
U2788,INVx1_bottom,U2788/Y,1,551.148376
U2789,INVx1_bottom,U2789/Y,2,311.165253
U2790,INVx1_bottom,U2790/Y,2,25.814184
U2791,INVx1_bottom,U2791/Y,2,-46.853855
U2792,INVx1_bottom,U2792/Y,5,-50.713009
U2793,INVx1_bottom,U2793/Y,5,274.225861
U2794,INVx1_bottom,U2794/Y,3,62.622948
U2795,INVx1_bottom,U2795/Y,1,831.592102
U2796,INVx1_upper,U2796/Y,2,303.690674
U2797,INVx1_bottom,U2797/Y,1,839.709167
U2798,INVx1_bottom,U2798/Y,5,-54.296947
U2799,INVx1_bottom,U2799/Y,4,-46.853848
U2800,INVx1_bottom,U2800/Y,3,61.884624
U2801,INVx1_bottom,U2801/Y,3,60.902546
U2802,INVx1_bottom,U2802/Y,2,62.167091
U2803,INVx1_upper,U2803/Y,2,310.773560
U2804,INVx1_upper,U2804/Y,2,297.960938
U2805,INVx1_upper,U2805/Y,2,297.237579
U2806,INVx1_bottom,U2806/Y,2,338.109711
U2807,INVx1_bottom,U2807/Y,2,391.217438
U2808,INVx1_bottom,U2808/Y,2,324.255707
U2809,INVx1_upper,U2809/Y,2,307.811279
U2810,INVx1_bottom,U2810/Y,2,383.065186
U2811,INVx1_upper,U2811/Y,2,341.547028
U2812,INVx1_upper,U2812/Y,2,299.494049
U2813,INVx1_upper,U2813/Y,2,292.485535
U2814,INVx1_upper,U2814/Y,2,371.115662
U2815,INVx1_bottom,U2815/Y,2,332.668671
U2816,INVx1_upper,U2816/Y,2,367.588867
U2817,INVx1_upper,U2817/Y,2,322.501160
U2818,INVx1_upper,U2818/Y,2,311.640778
U2819,INVx1_upper,U2819/Y,2,371.682953
U2820,INVx1_bottom,U2820/Y,2,347.824890
U2821,INVx1_upper,U2821/Y,2,286.486877
U2822,INVx1_upper,U2822/Y,2,291.231018
U2823,INVx1_bottom,U2823/Y,2,332.377747
U2824,INVx1_upper,U2824/Y,2,375.544220
U2825,INVx1_bottom,U2825/Y,2,329.060822
U2826,INVx1_bottom,U2826/Y,2,318.119965
U2827,INVx1_bottom,U2827/Y,2,311.975952
U2828,INVx1_bottom,U2828/Y,2,380.493469
U2829,INVx1_upper,U2829/Y,2,330.526978
U2830,INVx1_upper,U2830/Y,2,297.037231
U2831,INVx1_bottom,U2831/Y,2,282.431396
U2832,INVx1_bottom,U2832/Y,2,325.541199
U2833,INVx1_upper,U2833/Y,2,362.851898
U2834,INVx1_upper,U2834/Y,2,316.331238
U2835,INVx1_bottom,U2835/Y,2,312.418701
U2836,INVx1_bottom,U2836/Y,2,307.542999
U2837,INVx1_upper,U2837/Y,2,370.425629
U2838,INVx1_upper,U2838/Y,2,330.009979
U2839,INVx1_bottom,U2839/Y,2,301.029633
U2840,INVx1_upper,U2840/Y,2,287.929260
U2841,INVx1_upper,U2841/Y,2,318.444214
U2842,INVx1_bottom,U2842/Y,2,385.010315
U2843,INVx1_bottom,U2843/Y,2,285.093994
U2844,INVx1_upper,U2844/Y,2,293.890778
U2845,INVx1_bottom,U2845/Y,2,373.448456
U2846,INVx1_bottom,U2846/Y,2,337.812683
U2847,INVx1_bottom,U2847/Y,2,375.416748
U2848,INVx1_upper,U2848/Y,2,287.073059
U2849,INVx1_upper,U2849/Y,2,279.038208
U2850,INVx1_bottom,U2850/Y,2,317.791351
U2851,INVx1_bottom,U2851/Y,2,370.328064
U2852,INVx1_upper,U2852/Y,2,312.084137
U2853,INVx1_bottom,U2853/Y,2,311.981567
U2854,INVx1_bottom,U2854/Y,2,376.803345
U2855,INVx1_bottom,U2855/Y,2,341.713531
U2856,INVx1_bottom,U2856/Y,2,285.971680
U2857,INVx1_bottom,U2857/Y,2,290.749146
U2858,INVx1_bottom,U2858/Y,2,329.857971
U2859,INVx1_upper,U2859/Y,2,324.386749
U2860,INVx1_upper,U2860/Y,2,373.003510
U2861,INVx1_upper,U2861/Y,2,292.137634
U2862,INVx1_bottom,U2862/Y,2,323.373688
U2863,INVx1_upper,U2863/Y,2,372.434296
U2864,INVx1_upper,U2864/Y,2,326.834930
U2865,INVx1_upper,U2865/Y,2,293.341888
U2866,INVx1_upper,U2866/Y,2,287.864655
U2867,INVx1_upper,U2867/Y,2,297.244049
U2868,INVx1_upper,U2868/Y,2,349.972595
U2869,INVx1_bottom,U2869/Y,2,290.977905
U2870,INVx1_bottom,U2870/Y,2,328.674194
U2871,INVx1_bottom,U2871/Y,2,311.364838
U2872,INVx1_bottom,U2872/Y,2,379.782013
U2873,INVx1_bottom,U2873/Y,2,341.882599
U2874,INVx1_upper,U2874/Y,2,286.736053
U2875,INVx1_upper,U2875/Y,2,292.843170
U2876,INVx1_upper,U2876/Y,2,317.345551
U2877,INVx1_bottom,U2877/Y,2,372.492310
U2878,INVx1_bottom,U2878/Y,2,284.323914
U2879,INVx1_bottom,U2879/Y,2,301.288330
U2880,INVx1_upper,U2880/Y,2,285.586426
U2881,INVx1_bottom,U2881/Y,2,372.048279
U2882,INVx1_bottom,U2882/Y,2,333.746155
U2883,INVx1_upper,U2883/Y,2,269.476196
U2884,INVx1_bottom,U2884/Y,2,291.441315
U2885,INVx1_bottom,U2885/Y,2,309.867035
U2886,INVx1_bottom,U2886/Y,2,362.577698
U2887,INVx1_bottom,U2887/Y,2,326.449036
U2888,INVx1_bottom,U2888/Y,2,313.242889
U2889,INVx1_bottom,U2889/Y,2,376.222931
U2890,INVx1_upper,U2890/Y,2,323.734558
U2891,INVx1_upper,U2891/Y,2,302.356964
U2892,INVx1_upper,U2892/Y,2,284.822937
U2893,INVx1_bottom,U2893/Y,2,299.583588
U2894,INVx1_upper,U2894/Y,2,313.229004
U2895,INVx1_bottom,U2895/Y,2,376.637878
U2896,INVx1_upper,U2896/Y,2,304.190674
U2897,INVx1_upper,U2897/Y,2,292.200775
U2898,INVx1_bottom,U2898/Y,2,369.532684
U2899,INVx1_bottom,U2899/Y,2,329.808014
U2900,INVx1_bottom,U2900/Y,2,324.430481
U2901,INVx1_bottom,U2901/Y,2,370.200226
U2902,INVx1_bottom,U2902/Y,2,348.088898
U2903,INVx1_bottom,U2903/Y,2,305.829987
U2904,INVx1_upper,U2904/Y,2,274.580750
U2905,INVx1_bottom,U2905/Y,2,329.593414
U2906,INVx1_upper,U2906/Y,2,358.436218
U2907,INVx1_bottom,U2907/Y,2,287.094177
U2908,INVx1_upper,U2908/Y,2,306.780792
U2909,INVx1_bottom,U2909/Y,2,311.038208
U2910,INVx1_upper,U2910/Y,2,359.292847
U2911,INVx1_bottom,U2911/Y,2,334.177765
U2912,INVx1_upper,U2912/Y,2,282.271210
U2913,INVx1_bottom,U2913/Y,2,293.305756
U2914,INVx1_bottom,U2914/Y,2,338.367615
U2915,INVx1_bottom,U2915/Y,2,387.530212
U2916,INVx1_bottom,U2916/Y,2,346.768524
U2917,INVx1_upper,U2917/Y,2,330.728516
U2918,INVx1_bottom,U2918/Y,2,290.047485
U2919,INVx1_bottom,U2919/Y,2,403.780945
U2920,INVx1_upper,U2920/Y,2,350.555908
U2921,INVx1_bottom,U2921/Y,2,321.707703
U2922,INVx1_bottom,U2922/Y,2,318.790344
U2923,INVx1_upper,U2923/Y,2,326.835022
U2924,INVx1_bottom,U2924/Y,2,385.214050
U2925,INVx1_bottom,U2925/Y,2,325.930786
U2926,INVx1_bottom,U2926/Y,2,317.782990
U2927,INVx1_upper,U2927/Y,2,374.730682
U2928,INVx1_bottom,U2928/Y,2,349.554840
U2929,INVx1_upper,U2929/Y,2,350.622589
